-- --------------------------------------------------------
-- Servidor:                     127.0.0.1
-- Versão do servidor:           8.0.30 - MySQL Community Server - GPL
-- OS do Servidor:               Win64
-- HeidiSQL Versão:              12.1.0.6537
-- --------------------------------------------------------

/*!40101 SET @OLD_CHARACTER_SET_CLIENT=@@CHARACTER_SET_CLIENT */;
/*!40101 SET NAMES utf8 */;
/*!50503 SET NAMES utf8mb4 */;
/*!40103 SET @OLD_TIME_ZONE=@@TIME_ZONE */;
/*!40103 SET TIME_ZONE='+00:00' */;
/*!40014 SET @OLD_FOREIGN_KEY_CHECKS=@@FOREIGN_KEY_CHECKS, FOREIGN_KEY_CHECKS=0 */;
/*!40101 SET @OLD_SQL_MODE=@@SQL_MODE, SQL_MODE='NO_AUTO_VALUE_ON_ZERO' */;
/*!40111 SET @OLD_SQL_NOTES=@@SQL_NOTES, SQL_NOTES=0 */;


-- Copiando estrutura do banco de dados para gop
CREATE DATABASE IF NOT EXISTS `gop` /*!40100 DEFAULT CHARACTER SET utf8mb4 COLLATE utf8mb4_0900_ai_ci */ /*!80016 DEFAULT ENCRYPTION='N' */;
USE `gop`;

-- Copiando estrutura para tabela gop.centrodecusto
CREATE TABLE IF NOT EXISTS `centrodecusto` (
  `id` int NOT NULL AUTO_INCREMENT,
<<<<<<< HEAD
  `descricao` varchar(120) NOT NULL,
  `codigo` char(15) CHARACTER SET utf8mb4 COLLATE utf8mb4_0900_ai_ci DEFAULT NULL,
  `id_espacofisico` int NOT NULL,
=======
  `id_profissional` int NOT NULL,
  `id_convenio` int DEFAULT NULL,
  `data` date NOT NULL,
  `dia` char(1) CHARACTER SET utf8mb4 COLLATE utf8mb4_0900_ai_ci DEFAULT NULL,
  `horario` time DEFAULT NULL,
  `Nome` varchar(120) DEFAULT NULL,
  `telefone` varchar(40) DEFAULT NULL,
  `email` varchar(120) DEFAULT NULL,
  `observacao` varchar(100) DEFAULT NULL,
  `matricula` varchar(25) DEFAULT NULL,
  PRIMARY KEY (`id`),
  KEY `FK_agenda_profissionais` (`id_profissional`),
  KEY `FK_agenda_convenios` (`id_convenio`),
  CONSTRAINT `FK_agenda_convenios` FOREIGN KEY (`id_convenio`) REFERENCES `convenios` (`id`),
  CONSTRAINT `FK_agenda_profissionais` FOREIGN KEY (`id_profissional`) REFERENCES `profissionais` (`id`)
) ENGINE=InnoDB AUTO_INCREMENT=29270 DEFAULT CHARSET=utf8mb4 COLLATE=utf8mb4_0900_ai_ci;

-- Copiando dados para a tabela smed.agenda: ~1.147 rows (aproximadamente)
INSERT INTO `agenda` (`id`, `id_profissional`, `id_convenio`, `data`, `dia`, `horario`, `Nome`, `telefone`, `email`, `observacao`, `matricula`) VALUES
	(1, 1, 1, '2024-07-22', '1', '09:00:00', 'Jose da silva', '(31) 6546-5654', 'teste@gmail.com', 'teste', NULL),
	(2, 1, 1, '2024-07-22', '1', '09:30:00', 'Lucio Machado', '(31) 5465-4654', 'teste@hotmail.com', 'teste2', NULL),
	(3, 1, 3, '2024-07-22', '1', '10:00:00', NULL, NULL, NULL, NULL, NULL),
	(4, 1, 2, '2024-07-22', '1', '10:30:00', 'Ivana Alves de Melo', '(31) 98456-2365', 'sabara@gmail.com', 'Vira de Maca', NULL),
	(5, 1, 3, '2024-07-22', '1', '11:00:00', NULL, NULL, NULL, NULL, NULL),
	(6, 1, 3, '2024-07-22', '1', '14:00:00', NULL, NULL, NULL, NULL, NULL),
	(7, 1, 3, '2024-07-22', '1', '14:15:00', NULL, NULL, NULL, NULL, NULL),
	(8, 1, 3, '2024-07-22', '1', '14:30:00', NULL, NULL, NULL, NULL, NULL),
	(9, 1, 3, '2024-07-22', '1', '14:45:00', NULL, NULL, NULL, NULL, NULL),
	(10, 1, 3, '2024-07-22', '1', '15:00:00', NULL, NULL, NULL, NULL, NULL),
	(11, 1, 3, '2024-07-22', '1', '15:15:00', NULL, NULL, NULL, NULL, NULL),
	(12, 1, 3, '2024-07-22', '1', '15:30:00', NULL, NULL, NULL, NULL, NULL),
	(13, 1, 3, '2024-07-22', '1', '15:45:00', NULL, NULL, NULL, NULL, NULL),
	(14, 1, 3, '2024-07-22', '1', '16:00:00', NULL, NULL, NULL, NULL, NULL),
	(15, 1, 3, '2024-07-22', '1', '16:15:00', NULL, NULL, NULL, NULL, NULL),
	(16, 1, 3, '2024-07-22', '1', '16:30:00', NULL, NULL, NULL, NULL, NULL),
	(17, 1, 3, '2024-07-22', '1', '16:45:00', NULL, NULL, NULL, NULL, NULL),
	(18, 1, 3, '2024-07-22', '1', '17:00:00', NULL, NULL, NULL, NULL, NULL),
	(19, 1, 3, '2024-07-22', '1', '17:15:00', NULL, NULL, NULL, NULL, NULL),
	(20, 1, 3, '2024-07-22', '1', '17:30:00', NULL, NULL, NULL, NULL, NULL),
	(21, 1, 3, '2024-07-22', '1', '17:45:00', NULL, NULL, NULL, NULL, NULL),
	(22, 1, 3, '2024-07-22', '1', '18:00:00', NULL, NULL, NULL, NULL, NULL),
	(23, 1, 3, '2024-07-23', '2', '08:00:00', NULL, NULL, NULL, NULL, NULL),
	(24, 1, 3, '2024-07-23', '2', '08:30:00', NULL, NULL, NULL, NULL, NULL),
	(25, 1, 3, '2024-07-23', '2', '09:00:00', NULL, NULL, NULL, NULL, NULL),
	(26, 1, 3, '2024-07-23', '2', '09:30:00', NULL, NULL, NULL, NULL, NULL),
	(27, 1, 3, '2024-07-23', '2', '10:00:00', NULL, NULL, NULL, NULL, NULL),
	(28, 1, 3, '2024-07-23', '2', '10:30:00', NULL, NULL, NULL, NULL, NULL),
	(29, 1, 3, '2024-07-23', '2', '11:00:00', NULL, NULL, NULL, NULL, NULL),
	(30, 1, 3, '2024-07-23', '2', '11:30:00', NULL, NULL, NULL, NULL, NULL),
	(31, 1, 3, '2024-07-23', '2', '12:00:00', NULL, NULL, NULL, NULL, NULL),
	(32, 1, 3, '2024-07-23', '2', '13:00:00', NULL, NULL, NULL, NULL, NULL),
	(33, 1, 3, '2024-07-23', '2', '13:15:00', NULL, NULL, NULL, NULL, NULL),
	(34, 1, 3, '2024-07-23', '2', '13:30:00', NULL, NULL, NULL, NULL, NULL),
	(35, 1, 3, '2024-07-23', '2', '13:45:00', NULL, NULL, NULL, NULL, NULL),
	(36, 1, 3, '2024-07-23', '2', '14:00:00', NULL, NULL, NULL, NULL, NULL),
	(37, 1, 3, '2024-07-23', '2', '14:15:00', NULL, NULL, NULL, NULL, NULL),
	(38, 1, 3, '2024-07-23', '2', '14:30:00', NULL, NULL, NULL, NULL, NULL),
	(39, 1, 3, '2024-07-23', '2', '14:45:00', NULL, NULL, NULL, NULL, NULL),
	(40, 1, 3, '2024-07-23', '2', '15:00:00', NULL, NULL, NULL, NULL, NULL),
	(41, 1, 3, '2024-07-23', '2', '15:15:00', NULL, NULL, NULL, NULL, NULL),
	(42, 1, 3, '2024-07-23', '2', '15:30:00', NULL, NULL, NULL, NULL, NULL),
	(43, 1, 3, '2024-07-23', '2', '15:45:00', NULL, NULL, NULL, NULL, NULL),
	(44, 1, 3, '2024-07-23', '2', '16:00:00', NULL, NULL, NULL, NULL, NULL),
	(45, 1, 3, '2024-07-23', '2', '16:15:00', NULL, NULL, NULL, NULL, NULL),
	(46, 1, 3, '2024-07-23', '2', '16:30:00', NULL, NULL, NULL, NULL, NULL),
	(47, 1, 3, '2024-07-23', '2', '16:45:00', NULL, NULL, NULL, NULL, NULL),
	(48, 1, 3, '2024-07-23', '2', '17:00:00', NULL, NULL, NULL, NULL, NULL),
	(49, 1, 3, '2024-07-23', '2', '17:15:00', NULL, NULL, NULL, NULL, NULL),
	(50, 1, 3, '2024-07-23', '2', '17:30:00', NULL, NULL, NULL, NULL, NULL),
	(51, 1, 3, '2024-07-23', '2', '17:45:00', NULL, NULL, NULL, NULL, NULL),
	(52, 1, 3, '2024-07-23', '2', '18:00:00', NULL, NULL, NULL, NULL, NULL),
	(53, 1, 1, '2024-07-24', '3', '07:00:00', 'Jose da silva', '(31) 98456-2365', 'sabara@gmail.com', 'teste', '988887777'),
	(54, 1, 2, '2024-07-24', '3', '07:15:00', 'João Albertoni Silva', '(31) 98456-2365', 'teste@hotmail.com', '', '234234234'),
	(55, 1, 2, '2024-07-24', '3', '07:30:00', 'Maria da Graça', '(31) 6995-5666', '', '', NULL),
	(56, 1, 3, '2024-07-24', '3', '07:45:00', 'Maria da Graça', '', '', '', NULL),
	(57, 1, 2, '2024-07-24', '3', '08:00:00', 'Lucio Machado', '(31) 98456-2365', 'teste@gmail.com', 'teste', NULL),
	(58, 1, 1, '2024-07-24', '3', '08:15:00', 'Glaison Queiroz ', '(31)36722550', 'glaison26.queiroz@gmail.com', '', NULL),
	(59, 1, 1, '2024-07-24', '3', '08:30:00', 'Cassia da Silva', '(31) 5878-8877', 'teste@gmail.com', '', '45465465'),
	(60, 1, 1, '2024-07-24', '3', '08:45:00', 'Glaison Queiroz ', '(31)36722550', 'glaison26.queiroz@gmail.com', '', '88845665'),
	(61, 1, 2, '2024-07-24', '3', '09:00:00', 'Maria da Graça', '(31) 6995-5666', '', '', '45646546'),
	(62, 1, 3, '2024-07-24', '3', '09:15:00', NULL, NULL, NULL, NULL, NULL),
	(63, 1, 3, '2024-07-24', '3', '09:30:00', NULL, NULL, NULL, NULL, NULL),
	(64, 1, 3, '2024-07-24', '3', '09:45:00', NULL, NULL, NULL, NULL, NULL),
	(65, 1, 2, '2024-07-24', '3', '10:00:00', 'Maria da Graça', '(31) 6995-5666', '', '', NULL),
	(66, 1, 3, '2024-07-24', '3', '10:15:00', NULL, NULL, NULL, NULL, NULL),
	(67, 1, 3, '2024-07-24', '3', '10:30:00', NULL, NULL, NULL, NULL, NULL),
	(68, 1, 3, '2024-07-24', '3', '10:45:00', '', '', '', '', ''),
	(69, 1, 3, '2024-07-24', '3', '11:00:00', NULL, NULL, NULL, NULL, NULL),
	(70, 1, 3, '2024-07-24', '3', '12:00:00', NULL, NULL, NULL, NULL, NULL),
	(71, 1, 3, '2024-07-24', '3', '12:30:00', NULL, NULL, NULL, NULL, NULL),
	(72, 1, 3, '2024-07-24', '3', '13:00:00', NULL, NULL, NULL, NULL, NULL),
	(73, 1, 3, '2024-07-24', '3', '13:30:00', NULL, NULL, NULL, NULL, NULL),
	(74, 1, 3, '2024-07-24', '3', '14:00:00', NULL, NULL, NULL, NULL, NULL),
	(75, 1, 3, '2024-07-24', '3', '14:30:00', NULL, NULL, NULL, NULL, NULL),
	(76, 1, 3, '2024-07-24', '3', '15:00:00', NULL, NULL, NULL, NULL, NULL),
	(77, 1, 3, '2024-07-24', '3', '15:30:00', NULL, NULL, NULL, NULL, NULL),
	(78, 1, 3, '2024-07-24', '3', '16:00:00', NULL, NULL, NULL, NULL, NULL),
	(79, 1, 3, '2024-07-24', '3', '16:30:00', NULL, NULL, NULL, NULL, NULL),
	(80, 1, 3, '2024-07-24', '3', '17:00:00', NULL, NULL, NULL, NULL, NULL),
	(81, 1, 2, '2024-07-25', '4', '07:00:00', 'Jose da silva', '(31) 98456-2365', 'sabara@gmail.com', '', '988887777'),
	(82, 1, 3, '2024-07-25', '4', '07:30:00', '', '', '', '', ''),
	(83, 1, 3, '2024-07-25', '4', '08:00:00', NULL, NULL, NULL, NULL, NULL),
	(84, 1, 3, '2024-07-25', '4', '08:30:00', NULL, NULL, NULL, NULL, NULL),
	(85, 1, 3, '2024-07-25', '4', '09:00:00', NULL, NULL, NULL, NULL, NULL),
	(86, 1, 2, '2024-07-25', '4', '09:30:00', 'Jose da silva', '(31) 98456-2365', 'teste@gmail.com', NULL, '988887777'),
	(87, 1, 3, '2024-07-25', '4', '10:00:00', NULL, NULL, NULL, NULL, NULL),
	(88, 1, 3, '2024-07-25', '4', '10:30:00', NULL, NULL, NULL, NULL, NULL),
	(89, 1, 3, '2024-07-25', '4', '11:00:00', NULL, NULL, NULL, NULL, NULL),
	(90, 1, 3, '2024-07-25', '4', '11:30:00', NULL, NULL, NULL, NULL, NULL),
	(91, 1, 3, '2024-07-25', '4', '12:00:00', NULL, NULL, NULL, NULL, NULL),
	(92, 1, 3, '2024-07-25', '4', '13:00:00', NULL, NULL, NULL, NULL, NULL),
	(93, 1, 3, '2024-07-25', '4', '13:30:00', NULL, NULL, NULL, NULL, NULL),
	(94, 1, 3, '2024-07-25', '4', '14:00:00', NULL, NULL, NULL, NULL, NULL),
	(95, 1, 3, '2024-07-25', '4', '14:30:00', NULL, NULL, NULL, NULL, NULL),
	(96, 1, 3, '2024-07-25', '4', '15:00:00', NULL, NULL, NULL, NULL, NULL),
	(97, 1, 3, '2024-07-25', '4', '15:30:00', NULL, NULL, NULL, NULL, NULL),
	(98, 1, 3, '2024-07-25', '4', '16:00:00', NULL, NULL, NULL, NULL, NULL),
	(99, 1, 3, '2024-07-25', '4', '16:30:00', NULL, NULL, NULL, NULL, NULL),
	(100, 1, 3, '2024-07-25', '4', '17:00:00', NULL, NULL, NULL, NULL, NULL),
	(101, 1, 3, '2024-07-26', '5', '08:00:00', NULL, NULL, NULL, NULL, NULL),
	(102, 1, 3, '2024-07-26', '5', '08:30:00', NULL, NULL, NULL, NULL, NULL),
	(103, 1, 3, '2024-07-26', '5', '09:00:00', NULL, NULL, NULL, NULL, NULL),
	(104, 1, 3, '2024-07-26', '5', '09:30:00', NULL, NULL, NULL, NULL, NULL),
	(105, 1, 3, '2024-07-26', '5', '10:00:00', NULL, NULL, NULL, NULL, NULL),
	(106, 1, 3, '2024-07-26', '5', '10:30:00', NULL, NULL, NULL, NULL, NULL),
	(107, 1, 3, '2024-07-26', '5', '11:00:00', NULL, NULL, NULL, NULL, NULL),
	(108, 1, 3, '2024-07-26', '5', '11:30:00', NULL, NULL, NULL, NULL, NULL),
	(109, 1, 3, '2024-07-26', '5', '12:00:00', NULL, NULL, NULL, NULL, NULL),
	(110, 1, 3, '2024-07-26', '5', '13:00:00', NULL, NULL, NULL, NULL, NULL),
	(111, 1, 3, '2024-07-26', '5', '13:30:00', NULL, NULL, NULL, NULL, NULL),
	(112, 1, 3, '2024-07-26', '5', '14:00:00', NULL, NULL, NULL, NULL, NULL),
	(113, 1, 3, '2024-07-26', '5', '14:30:00', NULL, NULL, NULL, NULL, NULL),
	(114, 1, 3, '2024-07-26', '5', '15:00:00', NULL, NULL, NULL, NULL, NULL),
	(115, 1, 3, '2024-07-26', '5', '15:30:00', NULL, NULL, NULL, NULL, NULL),
	(116, 1, 3, '2024-07-26', '5', '16:00:00', NULL, NULL, NULL, NULL, NULL),
	(117, 1, 3, '2024-07-26', '5', '16:30:00', NULL, NULL, NULL, NULL, NULL),
	(118, 1, 3, '2024-07-26', '5', '17:00:00', NULL, NULL, NULL, NULL, NULL),
	(119, 1, 3, '2024-07-26', '5', '13:00:00', NULL, NULL, NULL, NULL, NULL),
	(120, 1, 3, '2024-07-26', '5', '13:15:00', NULL, NULL, NULL, NULL, NULL),
	(121, 1, 3, '2024-07-26', '5', '13:30:00', NULL, NULL, NULL, NULL, NULL),
	(122, 1, 3, '2024-07-26', '5', '13:45:00', NULL, NULL, NULL, NULL, NULL),
	(123, 1, 3, '2024-07-26', '5', '14:00:00', NULL, NULL, NULL, NULL, NULL),
	(124, 1, 3, '2024-07-26', '5', '14:15:00', NULL, NULL, NULL, NULL, NULL),
	(125, 1, 3, '2024-07-26', '5', '14:30:00', NULL, NULL, NULL, NULL, NULL),
	(126, 1, 3, '2024-07-26', '5', '14:45:00', NULL, NULL, NULL, NULL, NULL),
	(127, 1, 3, '2024-07-26', '5', '15:00:00', NULL, NULL, NULL, NULL, NULL),
	(128, 1, 3, '2024-07-26', '5', '15:15:00', NULL, NULL, NULL, NULL, NULL),
	(129, 1, 3, '2024-07-26', '5', '15:30:00', NULL, NULL, NULL, NULL, NULL),
	(130, 1, 3, '2024-07-26', '5', '15:45:00', NULL, NULL, NULL, NULL, NULL),
	(131, 1, 3, '2024-07-26', '5', '16:00:00', NULL, NULL, NULL, NULL, NULL),
	(132, 1, 3, '2024-07-26', '5', '16:15:00', NULL, NULL, NULL, NULL, NULL),
	(133, 1, 3, '2024-07-26', '5', '16:30:00', NULL, NULL, NULL, NULL, NULL),
	(134, 1, 3, '2024-07-26', '5', '16:45:00', NULL, NULL, NULL, NULL, NULL),
	(135, 1, 3, '2024-07-26', '5', '17:00:00', NULL, NULL, NULL, NULL, NULL),
	(136, 1, 3, '2024-07-26', '5', '17:15:00', NULL, NULL, NULL, NULL, NULL),
	(137, 1, 3, '2024-07-26', '5', '17:30:00', NULL, NULL, NULL, NULL, NULL),
	(138, 1, 3, '2024-07-26', '5', '17:45:00', NULL, NULL, NULL, NULL, NULL),
	(139, 1, 3, '2024-07-26', '5', '18:00:00', NULL, NULL, NULL, NULL, NULL),
	(140, 1, 3, '2024-07-26', '5', '18:15:00', NULL, NULL, NULL, NULL, NULL),
	(141, 1, 3, '2024-07-26', '5', '18:30:00', NULL, NULL, NULL, NULL, NULL),
	(142, 1, 3, '2024-07-26', '5', '18:45:00', NULL, NULL, NULL, NULL, NULL),
	(143, 1, 3, '2024-07-26', '5', '19:00:00', NULL, NULL, NULL, NULL, NULL),
	(144, 1, 3, '2024-07-26', '5', '19:15:00', NULL, NULL, NULL, NULL, NULL),
	(145, 1, 3, '2024-07-26', '5', '19:30:00', NULL, NULL, NULL, NULL, NULL),
	(146, 1, 3, '2024-07-26', '5', '19:45:00', NULL, NULL, NULL, NULL, NULL),
	(147, 1, 3, '2024-07-26', '5', '20:00:00', NULL, NULL, NULL, NULL, NULL),
	(148, 1, 3, '2024-07-26', '5', '20:15:00', NULL, NULL, NULL, NULL, NULL),
	(149, 1, 3, '2024-07-26', '5', '20:30:00', NULL, NULL, NULL, NULL, NULL),
	(150, 1, 3, '2024-07-26', '5', '20:45:00', NULL, NULL, NULL, NULL, NULL),
	(151, 1, 3, '2024-07-26', '5', '21:00:00', NULL, NULL, NULL, NULL, NULL),
	(158, 2, 2, '2024-07-24', '3', '08:00:00', 'Maria da Graça', '(31) 6995-5666', '', '', '45646546'),
	(159, 2, 3, '2024-07-24', '3', '08:30:00', NULL, NULL, NULL, NULL, NULL),
	(160, 2, 3, '2024-07-24', '3', '09:00:00', NULL, NULL, NULL, NULL, NULL),
	(161, 2, 3, '2024-07-24', '3', '09:30:00', NULL, NULL, NULL, NULL, NULL),
	(162, 2, 3, '2024-07-24', '3', '10:00:00', NULL, NULL, NULL, NULL, NULL),
	(164, 1, 3, '2024-07-26', NULL, '06:00:00', NULL, NULL, NULL, NULL, NULL),
	(165, 1, 1, '2024-07-26', NULL, '06:30:00', 'Florentina de Jesus', '(31) 3671-2563', 'flore@gmail.com', 'teste2', '8032566'),
	(166, 1, 3, '2024-07-29', '1', '09:00:00', NULL, NULL, NULL, NULL, NULL),
	(167, 1, 3, '2024-07-29', '1', '09:30:00', NULL, NULL, NULL, NULL, NULL),
	(168, 1, 3, '2024-07-29', '1', '10:00:00', NULL, NULL, NULL, NULL, NULL),
	(169, 1, 3, '2024-07-29', '1', '10:30:00', NULL, NULL, NULL, NULL, NULL),
	(170, 1, 3, '2024-07-29', '1', '11:00:00', NULL, NULL, NULL, NULL, NULL),
	(171, 1, 3, '2024-07-29', '1', '14:00:00', NULL, NULL, NULL, NULL, NULL),
	(172, 1, 3, '2024-07-29', '1', '14:15:00', NULL, NULL, NULL, NULL, NULL),
	(173, 1, 3, '2024-07-29', '1', '14:30:00', NULL, NULL, NULL, NULL, NULL),
	(174, 1, 3, '2024-07-29', '1', '14:45:00', NULL, NULL, NULL, NULL, NULL),
	(175, 1, 3, '2024-07-29', '1', '15:00:00', NULL, NULL, NULL, NULL, NULL),
	(176, 1, 3, '2024-07-29', '1', '15:15:00', NULL, NULL, NULL, NULL, NULL),
	(177, 1, 3, '2024-07-29', '1', '15:30:00', NULL, NULL, NULL, NULL, NULL),
	(178, 1, 3, '2024-07-29', '1', '15:45:00', NULL, NULL, NULL, NULL, NULL),
	(179, 1, 3, '2024-07-29', '1', '16:00:00', NULL, NULL, NULL, NULL, NULL),
	(180, 1, 3, '2024-07-29', '1', '16:15:00', NULL, NULL, NULL, NULL, NULL),
	(181, 1, 3, '2024-07-29', '1', '16:30:00', NULL, NULL, NULL, NULL, NULL),
	(182, 1, 3, '2024-07-29', '1', '16:45:00', NULL, NULL, NULL, NULL, NULL),
	(183, 1, 3, '2024-07-29', '1', '17:00:00', NULL, NULL, NULL, NULL, NULL),
	(184, 1, 3, '2024-07-29', '1', '17:15:00', NULL, NULL, NULL, NULL, NULL),
	(185, 1, 3, '2024-07-29', '1', '17:30:00', NULL, NULL, NULL, NULL, NULL),
	(186, 1, 3, '2024-07-29', '1', '17:45:00', NULL, NULL, NULL, NULL, NULL),
	(187, 1, 3, '2024-07-29', '1', '18:00:00', NULL, NULL, NULL, NULL, NULL),
	(188, 1, 3, '2024-07-30', '2', '08:00:00', NULL, NULL, NULL, NULL, NULL),
	(189, 1, 3, '2024-07-30', '2', '08:30:00', NULL, NULL, NULL, NULL, NULL),
	(190, 1, 3, '2024-07-30', '2', '09:00:00', NULL, NULL, NULL, NULL, NULL),
	(191, 1, 3, '2024-07-30', '2', '09:30:00', NULL, NULL, NULL, NULL, NULL),
	(192, 1, 3, '2024-07-30', '2', '10:00:00', NULL, NULL, NULL, NULL, NULL),
	(193, 1, 3, '2024-07-30', '2', '10:30:00', NULL, NULL, NULL, NULL, NULL),
	(194, 1, 3, '2024-07-30', '2', '11:00:00', NULL, NULL, NULL, NULL, NULL),
	(195, 1, 3, '2024-07-30', '2', '11:30:00', NULL, NULL, NULL, NULL, NULL),
	(196, 1, 3, '2024-07-30', '2', '12:00:00', NULL, NULL, NULL, NULL, NULL),
	(197, 1, 3, '2024-07-30', '2', '13:00:00', NULL, NULL, NULL, NULL, NULL),
	(198, 1, 3, '2024-07-30', '2', '13:15:00', NULL, NULL, NULL, NULL, NULL),
	(199, 1, 3, '2024-07-30', '2', '13:30:00', NULL, NULL, NULL, NULL, NULL),
	(200, 1, 3, '2024-07-30', '2', '13:45:00', NULL, NULL, NULL, NULL, NULL),
	(201, 1, 3, '2024-07-30', '2', '14:00:00', NULL, NULL, NULL, NULL, NULL),
	(202, 1, 3, '2024-07-30', '2', '14:15:00', NULL, NULL, NULL, NULL, NULL),
	(203, 1, 3, '2024-07-30', '2', '14:30:00', NULL, NULL, NULL, NULL, NULL),
	(204, 1, 3, '2024-07-30', '2', '14:45:00', NULL, NULL, NULL, NULL, NULL),
	(205, 1, 3, '2024-07-30', '2', '15:00:00', NULL, NULL, NULL, NULL, NULL),
	(206, 1, 3, '2024-07-30', '2', '15:15:00', NULL, NULL, NULL, NULL, NULL),
	(207, 1, 3, '2024-07-30', '2', '15:30:00', NULL, NULL, NULL, NULL, NULL),
	(208, 1, 3, '2024-07-30', '2', '15:45:00', NULL, NULL, NULL, NULL, NULL),
	(209, 1, 3, '2024-07-30', '2', '16:00:00', NULL, NULL, NULL, NULL, NULL),
	(210, 1, 3, '2024-07-30', '2', '16:15:00', NULL, NULL, NULL, NULL, NULL),
	(211, 1, 3, '2024-07-30', '2', '16:30:00', NULL, NULL, NULL, NULL, NULL),
	(212, 1, 3, '2024-07-30', '2', '16:45:00', NULL, NULL, NULL, NULL, NULL),
	(213, 1, 3, '2024-07-30', '2', '17:00:00', NULL, NULL, NULL, NULL, NULL),
	(214, 1, 3, '2024-07-30', '2', '17:15:00', NULL, NULL, NULL, NULL, NULL),
	(215, 1, 3, '2024-07-30', '2', '17:30:00', NULL, NULL, NULL, NULL, NULL),
	(216, 1, 3, '2024-07-30', '2', '17:45:00', NULL, NULL, NULL, NULL, NULL),
	(217, 1, 3, '2024-07-30', '2', '18:00:00', NULL, NULL, NULL, NULL, NULL),
	(218, 1, 3, '2024-07-31', '3', '07:00:00', NULL, NULL, NULL, NULL, NULL),
	(219, 1, 3, '2024-07-31', '3', '07:15:00', NULL, NULL, NULL, NULL, NULL),
	(220, 1, 3, '2024-07-31', '3', '07:30:00', NULL, NULL, NULL, NULL, NULL),
	(221, 1, 3, '2024-07-31', '3', '07:45:00', NULL, NULL, NULL, NULL, NULL),
	(222, 1, 3, '2024-07-31', '3', '08:00:00', NULL, NULL, NULL, NULL, NULL),
	(223, 1, 3, '2024-07-31', '3', '08:15:00', NULL, NULL, NULL, NULL, NULL),
	(224, 1, 3, '2024-07-31', '3', '08:30:00', NULL, NULL, NULL, NULL, NULL),
	(225, 1, 3, '2024-07-31', '3', '08:45:00', NULL, NULL, NULL, NULL, NULL),
	(226, 1, 3, '2024-07-31', '3', '09:00:00', NULL, NULL, NULL, NULL, NULL),
	(227, 1, 3, '2024-07-31', '3', '09:15:00', NULL, NULL, NULL, NULL, NULL),
	(228, 1, 3, '2024-07-31', '3', '09:30:00', NULL, NULL, NULL, NULL, NULL),
	(229, 1, 3, '2024-07-31', '3', '09:45:00', NULL, NULL, NULL, NULL, NULL),
	(230, 1, 3, '2024-07-31', '3', '10:00:00', NULL, NULL, NULL, NULL, NULL),
	(231, 1, 3, '2024-07-31', '3', '10:15:00', NULL, NULL, NULL, NULL, NULL),
	(232, 1, 3, '2024-07-31', '3', '10:30:00', NULL, NULL, NULL, NULL, NULL),
	(233, 1, 3, '2024-07-31', '3', '10:45:00', NULL, NULL, NULL, NULL, NULL),
	(234, 1, 3, '2024-07-31', '3', '11:00:00', NULL, NULL, NULL, NULL, NULL),
	(235, 1, 3, '2024-07-31', '3', '12:00:00', NULL, NULL, NULL, NULL, NULL),
	(236, 1, 3, '2024-07-31', '3', '12:30:00', NULL, NULL, NULL, NULL, NULL),
	(237, 1, 3, '2024-07-31', '3', '13:00:00', NULL, NULL, NULL, NULL, NULL),
	(238, 1, 3, '2024-07-31', '3', '13:30:00', NULL, NULL, NULL, NULL, NULL),
	(239, 1, 3, '2024-07-31', '3', '14:00:00', NULL, NULL, NULL, NULL, NULL),
	(240, 1, 3, '2024-07-31', '3', '14:30:00', NULL, NULL, NULL, NULL, NULL),
	(241, 1, 3, '2024-07-31', '3', '15:00:00', NULL, NULL, NULL, NULL, NULL),
	(242, 1, 3, '2024-07-31', '3', '15:30:00', NULL, NULL, NULL, NULL, NULL),
	(243, 1, 3, '2024-07-31', '3', '16:00:00', NULL, NULL, NULL, NULL, NULL),
	(244, 1, 3, '2024-07-31', '3', '16:30:00', NULL, NULL, NULL, NULL, NULL),
	(245, 1, 3, '2024-07-31', '3', '17:00:00', NULL, NULL, NULL, NULL, NULL),
	(246, 1, 3, '2024-08-01', '4', '07:00:00', NULL, NULL, NULL, NULL, NULL),
	(247, 1, 3, '2024-08-01', '4', '07:30:00', NULL, NULL, NULL, NULL, NULL),
	(248, 1, 3, '2024-08-01', '4', '08:00:00', NULL, NULL, NULL, NULL, NULL),
	(249, 1, 3, '2024-08-01', '4', '08:30:00', NULL, NULL, NULL, NULL, NULL),
	(250, 1, 3, '2024-08-01', '4', '09:00:00', NULL, NULL, NULL, NULL, NULL),
	(251, 1, 3, '2024-08-01', '4', '09:30:00', NULL, NULL, NULL, NULL, NULL),
	(252, 1, 3, '2024-08-01', '4', '10:00:00', NULL, NULL, NULL, NULL, NULL),
	(253, 1, 3, '2024-08-01', '4', '10:30:00', NULL, NULL, NULL, NULL, NULL),
	(254, 1, 3, '2024-08-01', '4', '11:00:00', NULL, NULL, NULL, NULL, NULL),
	(255, 1, 3, '2024-08-01', '4', '11:30:00', NULL, NULL, NULL, NULL, NULL),
	(256, 1, 3, '2024-08-01', '4', '12:00:00', NULL, NULL, NULL, NULL, NULL),
	(257, 1, 3, '2024-08-01', '4', '13:00:00', NULL, NULL, NULL, NULL, NULL),
	(258, 1, 3, '2024-08-01', '4', '13:30:00', NULL, NULL, NULL, NULL, NULL),
	(259, 1, 3, '2024-08-01', '4', '14:00:00', NULL, NULL, NULL, NULL, NULL),
	(260, 1, 3, '2024-08-01', '4', '14:30:00', NULL, NULL, NULL, NULL, NULL),
	(261, 1, 3, '2024-08-01', '4', '15:00:00', NULL, NULL, NULL, NULL, NULL),
	(262, 1, 3, '2024-08-01', '4', '15:30:00', NULL, NULL, NULL, NULL, NULL),
	(263, 1, 3, '2024-08-01', '4', '16:00:00', NULL, NULL, NULL, NULL, NULL),
	(264, 1, 3, '2024-08-01', '4', '16:30:00', NULL, NULL, NULL, NULL, NULL),
	(265, 1, 3, '2024-08-01', '4', '17:00:00', NULL, NULL, NULL, NULL, NULL),
	(266, 1, 3, '2024-08-02', '5', '08:00:00', NULL, NULL, NULL, NULL, NULL),
	(267, 1, 3, '2024-08-02', '5', '08:30:00', NULL, NULL, NULL, NULL, NULL),
	(268, 1, 3, '2024-08-02', '5', '09:00:00', NULL, NULL, NULL, NULL, NULL),
	(269, 1, 3, '2024-08-02', '5', '09:30:00', NULL, NULL, NULL, NULL, NULL),
	(270, 1, 3, '2024-08-02', '5', '10:00:00', NULL, NULL, NULL, NULL, NULL),
	(271, 1, 3, '2024-08-02', '5', '10:30:00', NULL, NULL, NULL, NULL, NULL),
	(272, 1, 3, '2024-08-02', '5', '11:00:00', NULL, NULL, NULL, NULL, NULL),
	(273, 1, 3, '2024-08-02', '5', '11:30:00', NULL, NULL, NULL, NULL, NULL),
	(274, 1, 3, '2024-08-02', '5', '12:00:00', NULL, NULL, NULL, NULL, NULL),
	(275, 1, 3, '2024-08-02', '5', '13:00:00', NULL, NULL, NULL, NULL, NULL),
	(276, 1, 3, '2024-08-02', '5', '13:30:00', NULL, NULL, NULL, NULL, NULL),
	(277, 1, 3, '2024-08-02', '5', '14:00:00', NULL, NULL, NULL, NULL, NULL),
	(278, 1, 3, '2024-08-02', '5', '14:30:00', NULL, NULL, NULL, NULL, NULL),
	(279, 1, 3, '2024-08-02', '5', '15:00:00', NULL, NULL, NULL, NULL, NULL),
	(280, 1, 3, '2024-08-02', '5', '15:30:00', NULL, NULL, NULL, NULL, NULL),
	(281, 1, 3, '2024-08-02', '5', '16:00:00', NULL, NULL, NULL, NULL, NULL),
	(282, 1, 3, '2024-08-02', '5', '16:30:00', NULL, NULL, NULL, NULL, NULL),
	(283, 1, 3, '2024-08-02', '5', '17:00:00', NULL, NULL, NULL, NULL, NULL),
	(284, 1, 3, '2024-08-02', '5', '13:00:00', NULL, NULL, NULL, NULL, NULL),
	(285, 1, 3, '2024-08-02', '5', '13:15:00', NULL, NULL, NULL, NULL, NULL),
	(286, 1, 3, '2024-08-02', '5', '13:30:00', NULL, NULL, NULL, NULL, NULL),
	(287, 1, 3, '2024-08-02', '5', '13:45:00', NULL, NULL, NULL, NULL, NULL),
	(288, 1, 3, '2024-08-02', '5', '14:00:00', NULL, NULL, NULL, NULL, NULL),
	(289, 1, 3, '2024-08-02', '5', '14:15:00', NULL, NULL, NULL, NULL, NULL),
	(290, 1, 3, '2024-08-02', '5', '14:30:00', NULL, NULL, NULL, NULL, NULL),
	(291, 1, 3, '2024-08-02', '5', '14:45:00', NULL, NULL, NULL, NULL, NULL),
	(292, 1, 3, '2024-08-02', '5', '15:00:00', NULL, NULL, NULL, NULL, NULL),
	(293, 1, 3, '2024-08-02', '5', '15:15:00', NULL, NULL, NULL, NULL, NULL),
	(294, 1, 3, '2024-08-02', '5', '15:30:00', NULL, NULL, NULL, NULL, NULL),
	(295, 1, 3, '2024-08-02', '5', '15:45:00', NULL, NULL, NULL, NULL, NULL),
	(296, 1, 3, '2024-08-02', '5', '16:00:00', NULL, NULL, NULL, NULL, NULL),
	(297, 1, 3, '2024-08-02', '5', '16:15:00', NULL, NULL, NULL, NULL, NULL),
	(298, 1, 3, '2024-08-02', '5', '16:30:00', NULL, NULL, NULL, NULL, NULL),
	(299, 1, 3, '2024-08-02', '5', '16:45:00', NULL, NULL, NULL, NULL, NULL),
	(300, 1, 3, '2024-08-02', '5', '17:00:00', NULL, NULL, NULL, NULL, NULL),
	(301, 1, 3, '2024-08-02', '5', '17:15:00', NULL, NULL, NULL, NULL, NULL),
	(302, 1, 3, '2024-08-02', '5', '17:30:00', NULL, NULL, NULL, NULL, NULL),
	(303, 1, 3, '2024-08-02', '5', '17:45:00', NULL, NULL, NULL, NULL, NULL),
	(304, 1, 3, '2024-08-02', '5', '18:00:00', NULL, NULL, NULL, NULL, NULL),
	(305, 1, 3, '2024-08-02', '5', '18:15:00', NULL, NULL, NULL, NULL, NULL),
	(306, 1, 3, '2024-08-02', '5', '18:30:00', NULL, NULL, NULL, NULL, NULL),
	(307, 1, 3, '2024-08-02', '5', '18:45:00', NULL, NULL, NULL, NULL, NULL),
	(308, 1, 3, '2024-08-02', '5', '19:00:00', NULL, NULL, NULL, NULL, NULL),
	(309, 1, 3, '2024-08-02', '5', '19:15:00', NULL, NULL, NULL, NULL, NULL),
	(310, 1, 3, '2024-08-02', '5', '19:30:00', NULL, NULL, NULL, NULL, NULL),
	(311, 1, 3, '2024-08-02', '5', '19:45:00', NULL, NULL, NULL, NULL, NULL),
	(312, 1, 3, '2024-08-02', '5', '20:00:00', NULL, NULL, NULL, NULL, NULL),
	(313, 1, 3, '2024-08-02', '5', '20:15:00', NULL, NULL, NULL, NULL, NULL),
	(314, 1, 3, '2024-08-02', '5', '20:30:00', NULL, NULL, NULL, NULL, NULL),
	(315, 1, 3, '2024-08-02', '5', '20:45:00', NULL, NULL, NULL, NULL, NULL),
	(316, 1, 3, '2024-08-02', '5', '21:00:00', NULL, NULL, NULL, NULL, NULL),
	(3448, 4, 3, '2024-08-02', '5', '08:00:00', NULL, NULL, NULL, NULL, NULL),
	(3449, 4, 3, '2024-08-02', '5', '08:15:00', NULL, NULL, NULL, NULL, NULL),
	(3450, 4, 3, '2024-08-02', '5', '08:30:00', NULL, NULL, NULL, NULL, NULL),
	(3451, 4, 3, '2024-08-02', '5', '08:45:00', NULL, NULL, NULL, NULL, NULL),
	(3452, 4, 3, '2024-08-02', '5', '09:00:00', NULL, NULL, NULL, NULL, NULL),
	(3453, 4, 3, '2024-08-02', '5', '09:15:00', NULL, NULL, NULL, NULL, NULL),
	(3454, 4, 3, '2024-08-02', '5', '09:30:00', NULL, NULL, NULL, NULL, NULL),
	(3455, 4, 3, '2024-08-02', '5', '09:45:00', NULL, NULL, NULL, NULL, NULL),
	(3456, 4, 3, '2024-08-02', '5', '10:00:00', NULL, NULL, NULL, NULL, NULL),
	(3457, 4, 3, '2024-08-02', '5', '10:15:00', NULL, NULL, NULL, NULL, NULL),
	(3458, 4, 3, '2024-08-02', '5', '10:30:00', NULL, NULL, NULL, NULL, NULL),
	(3459, 4, 3, '2024-08-02', '5', '10:45:00', NULL, NULL, NULL, NULL, NULL),
	(3460, 4, 3, '2024-08-02', '5', '11:00:00', NULL, NULL, NULL, NULL, NULL),
	(3461, 4, 3, '2024-08-03', '6', '07:00:00', NULL, NULL, NULL, NULL, NULL),
	(3462, 4, 3, '2024-08-03', '6', '07:15:00', NULL, NULL, NULL, NULL, NULL),
	(3463, 4, 3, '2024-08-03', '6', '07:30:00', NULL, NULL, NULL, NULL, NULL),
	(3464, 4, 3, '2024-08-03', '6', '07:45:00', NULL, NULL, NULL, NULL, NULL),
	(3465, 4, 3, '2024-08-03', '6', '08:00:00', NULL, NULL, NULL, NULL, NULL),
	(3466, 4, 3, '2024-08-03', '6', '13:00:00', NULL, NULL, NULL, NULL, NULL),
	(3467, 4, 3, '2024-08-03', '6', '13:30:00', NULL, NULL, NULL, NULL, NULL),
	(3468, 4, 3, '2024-08-03', '6', '14:00:00', NULL, NULL, NULL, NULL, NULL),
	(3469, 4, 3, '2024-08-03', '6', '14:30:00', NULL, NULL, NULL, NULL, NULL),
	(3470, 4, 3, '2024-08-03', '6', '15:00:00', NULL, NULL, NULL, NULL, NULL),
	(3471, 4, 3, '2024-08-03', '6', '15:30:00', NULL, NULL, NULL, NULL, NULL),
	(3472, 4, 3, '2024-08-03', '6', '16:00:00', NULL, NULL, NULL, NULL, NULL),
	(3473, 4, 3, '2024-08-03', '6', '16:30:00', NULL, NULL, NULL, NULL, NULL),
	(3474, 4, 3, '2024-08-03', '6', '17:00:00', NULL, NULL, NULL, NULL, NULL),
	(3475, 4, 3, '2024-08-03', '6', '17:30:00', NULL, NULL, NULL, NULL, NULL),
	(3476, 4, 3, '2024-08-03', '6', '18:00:00', NULL, NULL, NULL, NULL, NULL),
	(3477, 4, 3, '2024-08-04', '7', '07:00:00', NULL, NULL, NULL, NULL, NULL),
	(3478, 4, 3, '2024-08-04', '7', '07:30:00', NULL, NULL, NULL, NULL, NULL),
	(3479, 4, 3, '2024-08-04', '7', '08:00:00', NULL, NULL, NULL, NULL, NULL),
	(3480, 4, 3, '2024-08-04', '7', '08:30:00', NULL, NULL, NULL, NULL, NULL),
	(3481, 4, 3, '2024-08-04', '7', '09:00:00', NULL, NULL, NULL, NULL, NULL),
	(3482, 4, 3, '2024-08-04', '7', '09:30:00', NULL, NULL, NULL, NULL, NULL),
	(3483, 4, 3, '2024-08-04', '7', '10:00:00', NULL, NULL, NULL, NULL, NULL),
	(3484, 4, 3, '2024-08-04', '7', '10:30:00', NULL, NULL, NULL, NULL, NULL),
	(3485, 4, 3, '2024-08-04', '7', '11:00:00', NULL, NULL, NULL, NULL, NULL),
	(3486, 4, 3, '2024-08-05', '1', '07:00:00', '', '', '', '', ''),
	(3487, 4, 3, '2024-08-05', '1', '07:30:00', '', '', '', '', ''),
	(3488, 4, 3, '2024-08-05', '1', '08:00:00', NULL, NULL, NULL, NULL, NULL),
	(3489, 4, 3, '2024-08-05', '1', '08:30:00', NULL, NULL, NULL, NULL, NULL),
	(3490, 4, 3, '2024-08-05', '1', '09:00:00', '', '', '', '', ''),
	(3491, 4, 3, '2024-08-05', '1', '09:30:00', NULL, NULL, NULL, NULL, NULL),
	(3492, 4, 3, '2024-08-05', '1', '10:00:00', NULL, NULL, NULL, NULL, NULL),
	(3493, 4, 3, '2024-08-05', '1', '10:30:00', NULL, NULL, NULL, NULL, NULL),
	(3494, 4, 3, '2024-08-05', '1', '11:00:00', NULL, NULL, NULL, NULL, NULL),
	(3495, 4, 3, '2024-08-05', '1', '11:30:00', NULL, NULL, NULL, NULL, NULL),
	(3496, 4, 3, '2024-08-05', '1', '12:00:00', NULL, NULL, NULL, NULL, NULL),
	(3497, 4, 3, '2024-08-05', '1', '12:30:00', NULL, NULL, NULL, NULL, NULL),
	(3498, 4, 3, '2024-08-05', '1', '13:00:00', NULL, NULL, NULL, NULL, NULL),
	(3499, 4, 3, '2024-08-05', '1', '13:30:00', NULL, NULL, NULL, NULL, NULL),
	(3500, 4, 3, '2024-08-05', '1', '14:00:00', NULL, NULL, NULL, NULL, NULL),
	(3501, 4, 3, '2024-08-05', '1', '14:30:00', NULL, NULL, NULL, NULL, NULL),
	(3502, 4, 3, '2024-08-05', '1', '15:00:00', NULL, NULL, NULL, NULL, NULL),
	(3503, 4, 3, '2024-08-05', '1', '15:30:00', NULL, NULL, NULL, NULL, NULL),
	(3504, 4, 3, '2024-08-05', '1', '16:00:00', NULL, NULL, NULL, NULL, NULL),
	(3505, 4, 3, '2024-08-05', '1', '16:30:00', NULL, NULL, NULL, NULL, NULL),
	(3506, 4, 3, '2024-08-05', '1', '17:00:00', NULL, NULL, NULL, NULL, NULL),
	(3507, 4, 3, '2024-08-05', '1', '17:30:00', NULL, NULL, NULL, NULL, NULL),
	(3508, 4, 3, '2024-08-05', '1', '18:00:00', NULL, NULL, NULL, NULL, NULL),
	(3509, 4, 1, '2024-08-06', '2', '08:00:00', 'Jose da silva', '(31) 6995-5666', 'sabara@gmail.com', 'teste de inclusão', '88845665'),
	(3510, 4, 2, '2024-08-06', '2', '08:30:00', 'Florentina de Jesus', '(31) 3671-2563', 'flore@gmail.com', NULL, '8032566'),
	(3511, 4, 3, '2024-08-06', '2', '09:00:00', NULL, NULL, NULL, NULL, NULL),
	(3512, 4, 3, '2024-08-06', '2', '09:30:00', NULL, NULL, NULL, NULL, NULL),
	(3513, 4, 2, '2024-08-06', '2', '10:00:00', 'João Albertoni Silva', '(31) 5878-8877', 'teste@gmail.com', NULL, '45646546'),
	(3514, 4, 3, '2024-08-06', '2', '10:30:00', '', '', '', '', ''),
	(3515, 4, 3, '2024-08-06', '2', '11:00:00', NULL, NULL, NULL, NULL, NULL),
	(3516, 4, 3, '2024-08-06', '2', '11:30:00', NULL, NULL, NULL, NULL, NULL),
	(3517, 4, 3, '2024-08-06', '2', '12:00:00', NULL, NULL, NULL, NULL, NULL),
	(3518, 4, 3, '2024-08-06', '2', '13:00:00', NULL, NULL, NULL, NULL, NULL),
	(3519, 4, 3, '2024-08-06', '2', '13:20:00', NULL, NULL, NULL, NULL, NULL),
	(3520, 4, 3, '2024-08-06', '2', '13:40:00', NULL, NULL, NULL, NULL, NULL),
	(3521, 4, 3, '2024-08-06', '2', '14:00:00', NULL, NULL, NULL, NULL, NULL),
	(3522, 4, 3, '2024-08-06', '2', '14:20:00', NULL, NULL, NULL, NULL, NULL),
	(3523, 4, 3, '2024-08-06', '2', '14:40:00', NULL, NULL, NULL, NULL, NULL),
	(3524, 4, 3, '2024-08-06', '2', '15:00:00', NULL, NULL, NULL, NULL, NULL),
	(3525, 4, 3, '2024-08-06', '2', '15:20:00', NULL, NULL, NULL, NULL, NULL),
	(3526, 4, 3, '2024-08-06', '2', '15:40:00', NULL, NULL, NULL, NULL, NULL),
	(3527, 4, 3, '2024-08-06', '2', '16:00:00', NULL, NULL, NULL, NULL, NULL),
	(3528, 4, 3, '2024-08-06', '2', '16:20:00', NULL, NULL, NULL, NULL, NULL),
	(3529, 4, 3, '2024-08-06', '2', '16:40:00', NULL, NULL, NULL, NULL, NULL),
	(3530, 4, 3, '2024-08-06', '2', '17:00:00', NULL, NULL, NULL, NULL, NULL),
	(3531, 4, 3, '2024-08-07', '3', '08:00:00', '', '', '', '', ''),
	(3532, 4, 3, '2024-08-07', '3', '08:30:00', NULL, NULL, NULL, NULL, NULL),
	(3533, 4, 3, '2024-08-07', '3', '09:00:00', NULL, NULL, NULL, NULL, NULL),
	(3534, 4, 3, '2024-08-07', '3', '09:30:00', NULL, NULL, NULL, NULL, NULL),
	(3535, 4, 3, '2024-08-07', '3', '10:00:00', NULL, NULL, NULL, NULL, NULL),
	(3536, 4, 3, '2024-08-07', '3', '10:30:00', NULL, NULL, NULL, NULL, NULL),
	(3537, 4, 3, '2024-08-07', '3', '11:00:00', NULL, NULL, NULL, NULL, NULL),
	(3538, 4, 3, '2024-08-08', '4', '07:00:00', '', '', '', '', ''),
	(3539, 4, 3, '2024-08-08', '4', '07:30:00', NULL, NULL, NULL, NULL, NULL),
	(3540, 4, 3, '2024-08-08', '4', '08:00:00', NULL, NULL, NULL, NULL, NULL),
	(3541, 4, 3, '2024-08-08', '4', '08:30:00', NULL, NULL, NULL, NULL, NULL),
	(3542, 4, 3, '2024-08-08', '4', '09:00:00', NULL, NULL, NULL, NULL, NULL),
	(3543, 4, 3, '2024-08-08', '4', '09:30:00', NULL, NULL, NULL, NULL, NULL),
	(3544, 4, 3, '2024-08-08', '4', '10:00:00', NULL, NULL, NULL, NULL, NULL),
	(3545, 4, 2, '2024-08-08', '4', '14:00:00', 'Florentina de Jesus', '(31) 3671-2563', 'flore@gmail.com', NULL, '8032566'),
	(3546, 4, 3, '2024-08-08', '4', '14:30:00', NULL, NULL, NULL, NULL, NULL),
	(3547, 4, 3, '2024-08-08', '4', '15:00:00', NULL, NULL, NULL, NULL, NULL),
	(3548, 4, 3, '2024-08-08', '4', '15:30:00', NULL, NULL, NULL, NULL, NULL),
	(3549, 4, 3, '2024-08-08', '4', '16:00:00', NULL, NULL, NULL, NULL, NULL),
	(3550, 4, 3, '2024-08-08', '4', '16:30:00', NULL, NULL, NULL, NULL, NULL),
	(3551, 4, 3, '2024-08-08', '4', '17:00:00', NULL, NULL, NULL, NULL, NULL),
	(3552, 4, 3, '2024-08-08', '4', '17:30:00', NULL, NULL, NULL, NULL, NULL),
	(3553, 4, 3, '2024-08-08', '4', '18:00:00', NULL, NULL, NULL, NULL, NULL),
	(3554, 4, 3, '2024-08-09', '5', '08:00:00', NULL, NULL, NULL, NULL, NULL),
	(3555, 4, 3, '2024-08-09', '5', '08:15:00', NULL, NULL, NULL, NULL, NULL),
	(3556, 4, 3, '2024-08-09', '5', '08:30:00', NULL, NULL, NULL, NULL, NULL),
	(3557, 4, 3, '2024-08-09', '5', '08:45:00', NULL, NULL, NULL, NULL, NULL),
	(3558, 4, 3, '2024-08-09', '5', '09:00:00', NULL, NULL, NULL, NULL, NULL),
	(3559, 4, 3, '2024-08-09', '5', '09:15:00', NULL, NULL, NULL, NULL, NULL),
	(3560, 4, 3, '2024-08-09', '5', '09:30:00', NULL, NULL, NULL, NULL, NULL),
	(3561, 4, 3, '2024-08-09', '5', '09:45:00', NULL, NULL, NULL, NULL, NULL),
	(3562, 4, 3, '2024-08-09', '5', '10:00:00', NULL, NULL, NULL, NULL, NULL),
	(3563, 4, 3, '2024-08-09', '5', '10:15:00', NULL, NULL, NULL, NULL, NULL),
	(3564, 4, 3, '2024-08-09', '5', '10:30:00', NULL, NULL, NULL, NULL, NULL),
	(3565, 4, 3, '2024-08-09', '5', '10:45:00', NULL, NULL, NULL, NULL, NULL),
	(3566, 4, 3, '2024-08-09', '5', '11:00:00', NULL, NULL, NULL, NULL, NULL),
	(3567, 4, 3, '2024-08-10', '6', '07:00:00', NULL, NULL, NULL, NULL, NULL),
	(3568, 4, 3, '2024-08-10', '6', '07:15:00', NULL, NULL, NULL, NULL, NULL),
	(3569, 4, 3, '2024-08-10', '6', '07:30:00', NULL, NULL, NULL, NULL, NULL),
	(3570, 4, 3, '2024-08-10', '6', '07:45:00', NULL, NULL, NULL, NULL, NULL),
	(3571, 4, 3, '2024-08-10', '6', '08:00:00', NULL, NULL, NULL, NULL, NULL),
	(3572, 4, 3, '2024-08-10', '6', '13:00:00', NULL, NULL, NULL, NULL, NULL),
	(3573, 4, 3, '2024-08-10', '6', '13:30:00', NULL, NULL, NULL, NULL, NULL),
	(3574, 4, 3, '2024-08-10', '6', '14:00:00', NULL, NULL, NULL, NULL, NULL),
	(3575, 4, 3, '2024-08-10', '6', '14:30:00', NULL, NULL, NULL, NULL, NULL),
	(3576, 4, 3, '2024-08-10', '6', '15:00:00', NULL, NULL, NULL, NULL, NULL),
	(3577, 4, 3, '2024-08-10', '6', '15:30:00', NULL, NULL, NULL, NULL, NULL),
	(3578, 4, 3, '2024-08-10', '6', '16:00:00', NULL, NULL, NULL, NULL, NULL),
	(3579, 4, 3, '2024-08-10', '6', '16:30:00', NULL, NULL, NULL, NULL, NULL),
	(3580, 4, 3, '2024-08-10', '6', '17:00:00', NULL, NULL, NULL, NULL, NULL),
	(3581, 4, 3, '2024-08-10', '6', '17:30:00', NULL, NULL, NULL, NULL, NULL),
	(3582, 4, 3, '2024-08-10', '6', '18:00:00', NULL, NULL, NULL, NULL, NULL),
	(3583, 4, 3, '2024-08-11', '7', '07:00:00', NULL, NULL, NULL, NULL, NULL),
	(3584, 4, 3, '2024-08-11', '7', '07:30:00', NULL, NULL, NULL, NULL, NULL),
	(3585, 4, 3, '2024-08-11', '7', '08:00:00', NULL, NULL, NULL, NULL, NULL),
	(3586, 4, 3, '2024-08-11', '7', '08:30:00', NULL, NULL, NULL, NULL, NULL),
	(3587, 4, 3, '2024-08-11', '7', '09:00:00', NULL, NULL, NULL, NULL, NULL),
	(3588, 4, 3, '2024-08-11', '7', '09:30:00', NULL, NULL, NULL, NULL, NULL),
	(3589, 4, 3, '2024-08-11', '7', '10:00:00', NULL, NULL, NULL, NULL, NULL),
	(3590, 4, 3, '2024-08-11', '7', '10:30:00', NULL, NULL, NULL, NULL, NULL),
	(3591, 4, 3, '2024-08-11', '7', '11:00:00', NULL, NULL, NULL, NULL, NULL),
	(3592, 4, 3, '2024-08-12', '1', '07:00:00', NULL, NULL, NULL, NULL, NULL),
	(3593, 4, 3, '2024-08-12', '1', '07:30:00', NULL, NULL, NULL, NULL, NULL),
	(3594, 4, 3, '2024-08-12', '1', '08:00:00', NULL, NULL, NULL, NULL, NULL),
	(3595, 4, 3, '2024-08-12', '1', '08:30:00', NULL, NULL, NULL, NULL, NULL),
	(3596, 4, 3, '2024-08-12', '1', '09:00:00', NULL, NULL, NULL, NULL, NULL),
	(3597, 4, 3, '2024-08-12', '1', '09:30:00', NULL, NULL, NULL, NULL, NULL),
	(3598, 4, 3, '2024-08-12', '1', '10:00:00', NULL, NULL, NULL, NULL, NULL),
	(3599, 4, 3, '2024-08-12', '1', '10:30:00', NULL, NULL, NULL, NULL, NULL),
	(3600, 4, 3, '2024-08-12', '1', '11:00:00', NULL, NULL, NULL, NULL, NULL),
	(3601, 4, 3, '2024-08-12', '1', '11:30:00', NULL, NULL, NULL, NULL, NULL),
	(3602, 4, 3, '2024-08-12', '1', '12:00:00', NULL, NULL, NULL, NULL, NULL),
	(3603, 4, 3, '2024-08-12', '1', '12:30:00', NULL, NULL, NULL, NULL, NULL),
	(3604, 4, 3, '2024-08-12', '1', '13:00:00', NULL, NULL, NULL, NULL, NULL),
	(3605, 4, 3, '2024-08-12', '1', '13:30:00', NULL, NULL, NULL, NULL, NULL),
	(3606, 4, 3, '2024-08-12', '1', '14:00:00', NULL, NULL, NULL, NULL, NULL),
	(3607, 4, 3, '2024-08-12', '1', '14:30:00', NULL, NULL, NULL, NULL, NULL),
	(3608, 4, 3, '2024-08-12', '1', '15:00:00', NULL, NULL, NULL, NULL, NULL),
	(3609, 4, 3, '2024-08-12', '1', '15:30:00', NULL, NULL, NULL, NULL, NULL),
	(3610, 4, 3, '2024-08-12', '1', '16:00:00', NULL, NULL, NULL, NULL, NULL),
	(3611, 4, 3, '2024-08-12', '1', '16:30:00', NULL, NULL, NULL, NULL, NULL),
	(3612, 4, 3, '2024-08-12', '1', '17:00:00', NULL, NULL, NULL, NULL, NULL),
	(3613, 4, 3, '2024-08-12', '1', '17:30:00', NULL, NULL, NULL, NULL, NULL),
	(3614, 4, 3, '2024-08-12', '1', '18:00:00', NULL, NULL, NULL, NULL, NULL),
	(3615, 4, 3, '2024-08-13', '2', '08:00:00', NULL, NULL, NULL, NULL, NULL),
	(3616, 4, 3, '2024-08-13', '2', '08:30:00', NULL, NULL, NULL, NULL, NULL),
	(3617, 4, 3, '2024-08-13', '2', '09:00:00', NULL, NULL, NULL, NULL, NULL),
	(3618, 4, 3, '2024-08-13', '2', '09:30:00', NULL, NULL, NULL, NULL, NULL),
	(3619, 4, 3, '2024-08-13', '2', '10:00:00', NULL, NULL, NULL, NULL, NULL),
	(3620, 4, 3, '2024-08-13', '2', '10:30:00', NULL, NULL, NULL, NULL, NULL),
	(3621, 4, 3, '2024-08-13', '2', '11:00:00', NULL, NULL, NULL, NULL, NULL),
	(3622, 4, 3, '2024-08-13', '2', '11:30:00', NULL, NULL, NULL, NULL, NULL),
	(3623, 4, 3, '2024-08-13', '2', '12:00:00', NULL, NULL, NULL, NULL, NULL),
	(3624, 4, 3, '2024-08-13', '2', '13:00:00', NULL, NULL, NULL, NULL, NULL),
	(3625, 4, 3, '2024-08-13', '2', '13:20:00', NULL, NULL, NULL, NULL, NULL),
	(3626, 4, 3, '2024-08-13', '2', '13:40:00', NULL, NULL, NULL, NULL, NULL),
	(3627, 4, 3, '2024-08-13', '2', '14:00:00', NULL, NULL, NULL, NULL, NULL),
	(3628, 4, 3, '2024-08-13', '2', '14:20:00', NULL, NULL, NULL, NULL, NULL),
	(3629, 4, 3, '2024-08-13', '2', '14:40:00', NULL, NULL, NULL, NULL, NULL),
	(3630, 4, 3, '2024-08-13', '2', '15:00:00', NULL, NULL, NULL, NULL, NULL),
	(3631, 4, 3, '2024-08-13', '2', '15:20:00', NULL, NULL, NULL, NULL, NULL),
	(3632, 4, 3, '2024-08-13', '2', '15:40:00', NULL, NULL, NULL, NULL, NULL),
	(3633, 4, 3, '2024-08-13', '2', '16:00:00', NULL, NULL, NULL, NULL, NULL),
	(3634, 4, 3, '2024-08-13', '2', '16:20:00', NULL, NULL, NULL, NULL, NULL),
	(3635, 4, 3, '2024-08-13', '2', '16:40:00', NULL, NULL, NULL, NULL, NULL),
	(3636, 4, 3, '2024-08-13', '2', '17:00:00', NULL, NULL, NULL, NULL, NULL),
	(3637, 4, 3, '2024-08-14', '3', '08:00:00', NULL, NULL, NULL, NULL, NULL),
	(3638, 4, 3, '2024-08-14', '3', '08:30:00', NULL, NULL, NULL, NULL, NULL),
	(3639, 4, 3, '2024-08-14', '3', '09:00:00', NULL, NULL, NULL, NULL, NULL),
	(3640, 4, 3, '2024-08-14', '3', '09:30:00', NULL, NULL, NULL, NULL, NULL),
	(3641, 4, 3, '2024-08-14', '3', '10:00:00', NULL, NULL, NULL, NULL, NULL),
	(3642, 4, 3, '2024-08-14', '3', '10:30:00', NULL, NULL, NULL, NULL, NULL),
	(3643, 4, 3, '2024-08-14', '3', '11:00:00', NULL, NULL, NULL, NULL, NULL),
	(3644, 4, 3, '2024-08-15', '4', '07:00:00', NULL, NULL, NULL, NULL, NULL),
	(3645, 4, 3, '2024-08-15', '4', '07:30:00', NULL, NULL, NULL, NULL, NULL),
	(3646, 4, 3, '2024-08-15', '4', '08:00:00', NULL, NULL, NULL, NULL, NULL),
	(3647, 4, 3, '2024-08-15', '4', '08:30:00', NULL, NULL, NULL, NULL, NULL),
	(3648, 4, 3, '2024-08-15', '4', '09:00:00', NULL, NULL, NULL, NULL, NULL),
	(3649, 4, 3, '2024-08-15', '4', '09:30:00', NULL, NULL, NULL, NULL, NULL),
	(3650, 4, 3, '2024-08-15', '4', '10:00:00', NULL, NULL, NULL, NULL, NULL),
	(3651, 4, 3, '2024-08-15', '4', '14:00:00', NULL, NULL, NULL, NULL, NULL),
	(3652, 4, 3, '2024-08-15', '4', '14:30:00', NULL, NULL, NULL, NULL, NULL),
	(3653, 4, 3, '2024-08-15', '4', '15:00:00', NULL, NULL, NULL, NULL, NULL),
	(3654, 4, 3, '2024-08-15', '4', '15:30:00', NULL, NULL, NULL, NULL, NULL),
	(3655, 4, 3, '2024-08-15', '4', '16:00:00', NULL, NULL, NULL, NULL, NULL),
	(3656, 4, 3, '2024-08-15', '4', '16:30:00', NULL, NULL, NULL, NULL, NULL),
	(3657, 4, 3, '2024-08-15', '4', '17:00:00', NULL, NULL, NULL, NULL, NULL),
	(3658, 4, 3, '2024-08-15', '4', '17:30:00', NULL, NULL, NULL, NULL, NULL),
	(3659, 4, 3, '2024-08-15', '4', '18:00:00', NULL, NULL, NULL, NULL, NULL),
	(3660, 4, 3, '2024-08-16', '5', '08:00:00', NULL, NULL, NULL, NULL, NULL),
	(3661, 4, 3, '2024-08-16', '5', '08:15:00', NULL, NULL, NULL, NULL, NULL),
	(3662, 4, 3, '2024-08-16', '5', '08:30:00', NULL, NULL, NULL, NULL, NULL),
	(3663, 4, 3, '2024-08-16', '5', '08:45:00', NULL, NULL, NULL, NULL, NULL),
	(3664, 4, 3, '2024-08-16', '5', '09:00:00', NULL, NULL, NULL, NULL, NULL),
	(3665, 4, 3, '2024-08-16', '5', '09:15:00', NULL, NULL, NULL, NULL, NULL),
	(3666, 4, 3, '2024-08-16', '5', '09:30:00', NULL, NULL, NULL, NULL, NULL),
	(3667, 4, 3, '2024-08-16', '5', '09:45:00', NULL, NULL, NULL, NULL, NULL),
	(3668, 4, 3, '2024-08-16', '5', '10:00:00', NULL, NULL, NULL, NULL, NULL),
	(3669, 4, 3, '2024-08-16', '5', '10:15:00', NULL, NULL, NULL, NULL, NULL),
	(3670, 4, 3, '2024-08-16', '5', '10:30:00', NULL, NULL, NULL, NULL, NULL),
	(3671, 4, 3, '2024-08-16', '5', '10:45:00', NULL, NULL, NULL, NULL, NULL),
	(3672, 4, 3, '2024-08-16', '5', '11:00:00', NULL, NULL, NULL, NULL, NULL),
	(3673, 4, 3, '2024-08-17', '6', '07:00:00', NULL, NULL, NULL, NULL, NULL),
	(3674, 4, 3, '2024-08-17', '6', '07:15:00', NULL, NULL, NULL, NULL, NULL),
	(3675, 4, 3, '2024-08-17', '6', '07:30:00', NULL, NULL, NULL, NULL, NULL),
	(3676, 4, 3, '2024-08-17', '6', '07:45:00', NULL, NULL, NULL, NULL, NULL),
	(3677, 4, 3, '2024-08-17', '6', '08:00:00', NULL, NULL, NULL, NULL, NULL),
	(3678, 4, 3, '2024-08-17', '6', '13:00:00', NULL, NULL, NULL, NULL, NULL),
	(3679, 4, 3, '2024-08-17', '6', '13:30:00', NULL, NULL, NULL, NULL, NULL),
	(3680, 4, 3, '2024-08-17', '6', '14:00:00', NULL, NULL, NULL, NULL, NULL),
	(3681, 4, 3, '2024-08-17', '6', '14:30:00', NULL, NULL, NULL, NULL, NULL),
	(3682, 4, 3, '2024-08-17', '6', '15:00:00', NULL, NULL, NULL, NULL, NULL),
	(3683, 4, 3, '2024-08-17', '6', '15:30:00', NULL, NULL, NULL, NULL, NULL),
	(3684, 4, 3, '2024-08-17', '6', '16:00:00', NULL, NULL, NULL, NULL, NULL),
	(3685, 4, 3, '2024-08-17', '6', '16:30:00', NULL, NULL, NULL, NULL, NULL),
	(3686, 4, 3, '2024-08-17', '6', '17:00:00', NULL, NULL, NULL, NULL, NULL),
	(3687, 4, 3, '2024-08-17', '6', '17:30:00', NULL, NULL, NULL, NULL, NULL),
	(3688, 4, 3, '2024-08-17', '6', '18:00:00', NULL, NULL, NULL, NULL, NULL),
	(3689, 4, 3, '2024-08-18', '7', '07:00:00', NULL, NULL, NULL, NULL, NULL),
	(3690, 4, 3, '2024-08-18', '7', '07:30:00', NULL, NULL, NULL, NULL, NULL),
	(3691, 4, 3, '2024-08-18', '7', '08:00:00', NULL, NULL, NULL, NULL, NULL),
	(3692, 4, 3, '2024-08-18', '7', '08:30:00', NULL, NULL, NULL, NULL, NULL),
	(3693, 4, 3, '2024-08-18', '7', '09:00:00', NULL, NULL, NULL, NULL, NULL),
	(3694, 4, 3, '2024-08-18', '7', '09:30:00', NULL, NULL, NULL, NULL, NULL),
	(3695, 4, 3, '2024-08-18', '7', '10:00:00', NULL, NULL, NULL, NULL, NULL),
	(3696, 4, 3, '2024-08-18', '7', '10:30:00', NULL, NULL, NULL, NULL, NULL),
	(3697, 4, 3, '2024-08-18', '7', '11:00:00', NULL, NULL, NULL, NULL, NULL),
	(3698, 4, 3, '2024-08-19', '1', '07:00:00', NULL, NULL, NULL, NULL, NULL),
	(3699, 4, 3, '2024-08-19', '1', '07:30:00', NULL, NULL, NULL, NULL, NULL),
	(3700, 4, 3, '2024-08-19', '1', '08:00:00', NULL, NULL, NULL, NULL, NULL),
	(3701, 4, 3, '2024-08-19', '1', '08:30:00', NULL, NULL, NULL, NULL, NULL),
	(3702, 4, 3, '2024-08-19', '1', '09:00:00', NULL, NULL, NULL, NULL, NULL),
	(3703, 4, 3, '2024-08-19', '1', '09:30:00', NULL, NULL, NULL, NULL, NULL),
	(3704, 4, 3, '2024-08-19', '1', '10:00:00', NULL, NULL, NULL, NULL, NULL),
	(3705, 4, 3, '2024-08-19', '1', '10:30:00', NULL, NULL, NULL, NULL, NULL),
	(3706, 4, 3, '2024-08-19', '1', '11:00:00', NULL, NULL, NULL, NULL, NULL),
	(3707, 4, 3, '2024-08-19', '1', '11:30:00', NULL, NULL, NULL, NULL, NULL),
	(3708, 4, 3, '2024-08-19', '1', '12:00:00', NULL, NULL, NULL, NULL, NULL),
	(3709, 4, 3, '2024-08-19', '1', '12:30:00', NULL, NULL, NULL, NULL, NULL),
	(3710, 4, 3, '2024-08-19', '1', '13:00:00', NULL, NULL, NULL, NULL, NULL),
	(3711, 4, 3, '2024-08-19', '1', '13:30:00', NULL, NULL, NULL, NULL, NULL),
	(3712, 4, 3, '2024-08-19', '1', '14:00:00', NULL, NULL, NULL, NULL, NULL),
	(3713, 4, 3, '2024-08-19', '1', '14:30:00', NULL, NULL, NULL, NULL, NULL),
	(3714, 4, 3, '2024-08-19', '1', '15:00:00', NULL, NULL, NULL, NULL, NULL),
	(3715, 4, 3, '2024-08-19', '1', '15:30:00', NULL, NULL, NULL, NULL, NULL),
	(3716, 4, 3, '2024-08-19', '1', '16:00:00', NULL, NULL, NULL, NULL, NULL),
	(3717, 4, 3, '2024-08-19', '1', '16:30:00', NULL, NULL, NULL, NULL, NULL),
	(3718, 4, 3, '2024-08-19', '1', '17:00:00', NULL, NULL, NULL, NULL, NULL),
	(3719, 4, 3, '2024-08-19', '1', '17:30:00', NULL, NULL, NULL, NULL, NULL),
	(3720, 4, 3, '2024-08-19', '1', '18:00:00', NULL, NULL, NULL, NULL, NULL),
	(3721, 4, 3, '2024-08-20', '2', '08:00:00', NULL, NULL, NULL, NULL, NULL),
	(3722, 4, 3, '2024-08-20', '2', '08:30:00', NULL, NULL, NULL, NULL, NULL),
	(3723, 4, 3, '2024-08-20', '2', '09:00:00', NULL, NULL, NULL, NULL, NULL),
	(3724, 4, 3, '2024-08-20', '2', '09:30:00', NULL, NULL, NULL, NULL, NULL),
	(3725, 4, 3, '2024-08-20', '2', '10:00:00', NULL, NULL, NULL, NULL, NULL),
	(3726, 4, 3, '2024-08-20', '2', '10:30:00', NULL, NULL, NULL, NULL, NULL),
	(3727, 4, 3, '2024-08-20', '2', '11:00:00', NULL, NULL, NULL, NULL, NULL),
	(3728, 4, 3, '2024-08-20', '2', '11:30:00', NULL, NULL, NULL, NULL, NULL),
	(3729, 4, 3, '2024-08-20', '2', '12:00:00', NULL, NULL, NULL, NULL, NULL),
	(3730, 4, 3, '2024-08-20', '2', '13:00:00', NULL, NULL, NULL, NULL, NULL),
	(3731, 4, 3, '2024-08-20', '2', '13:20:00', NULL, NULL, NULL, NULL, NULL),
	(3732, 4, 3, '2024-08-20', '2', '13:40:00', NULL, NULL, NULL, NULL, NULL),
	(3733, 4, 3, '2024-08-20', '2', '14:00:00', NULL, NULL, NULL, NULL, NULL),
	(3734, 4, 3, '2024-08-20', '2', '14:20:00', NULL, NULL, NULL, NULL, NULL),
	(3735, 4, 3, '2024-08-20', '2', '14:40:00', NULL, NULL, NULL, NULL, NULL),
	(3736, 4, 3, '2024-08-20', '2', '15:00:00', NULL, NULL, NULL, NULL, NULL),
	(3737, 4, 3, '2024-08-20', '2', '15:20:00', NULL, NULL, NULL, NULL, NULL),
	(3738, 4, 3, '2024-08-20', '2', '15:40:00', NULL, NULL, NULL, NULL, NULL),
	(3739, 4, 3, '2024-08-20', '2', '16:00:00', NULL, NULL, NULL, NULL, NULL),
	(3740, 4, 3, '2024-08-20', '2', '16:20:00', NULL, NULL, NULL, NULL, NULL),
	(3741, 4, 3, '2024-08-20', '2', '16:40:00', NULL, NULL, NULL, NULL, NULL),
	(3742, 4, 3, '2024-08-20', '2', '17:00:00', NULL, NULL, NULL, NULL, NULL),
	(3743, 4, 3, '2024-08-21', '3', '08:00:00', NULL, NULL, NULL, NULL, NULL),
	(3744, 4, 3, '2024-08-21', '3', '08:30:00', NULL, NULL, NULL, NULL, NULL),
	(3745, 4, 3, '2024-08-21', '3', '09:00:00', NULL, NULL, NULL, NULL, NULL),
	(3746, 4, 3, '2024-08-21', '3', '09:30:00', NULL, NULL, NULL, NULL, NULL),
	(3747, 4, 3, '2024-08-21', '3', '10:00:00', NULL, NULL, NULL, NULL, NULL),
	(3748, 4, 3, '2024-08-21', '3', '10:30:00', NULL, NULL, NULL, NULL, NULL),
	(3749, 4, 3, '2024-08-21', '3', '11:00:00', NULL, NULL, NULL, NULL, NULL),
	(3750, 4, 3, '2024-08-22', '4', '07:00:00', NULL, NULL, NULL, NULL, NULL),
	(3751, 4, 3, '2024-08-22', '4', '07:30:00', NULL, NULL, NULL, NULL, NULL),
	(3752, 4, 3, '2024-08-22', '4', '08:00:00', NULL, NULL, NULL, NULL, NULL),
	(3753, 4, 3, '2024-08-22', '4', '08:30:00', NULL, NULL, NULL, NULL, NULL),
	(3754, 4, 3, '2024-08-22', '4', '09:00:00', NULL, NULL, NULL, NULL, NULL),
	(3755, 4, 3, '2024-08-22', '4', '09:30:00', NULL, NULL, NULL, NULL, NULL),
	(3756, 4, 3, '2024-08-22', '4', '10:00:00', NULL, NULL, NULL, NULL, NULL),
	(3757, 4, 3, '2024-08-22', '4', '14:00:00', NULL, NULL, NULL, NULL, NULL),
	(3758, 4, 3, '2024-08-22', '4', '14:30:00', NULL, NULL, NULL, NULL, NULL),
	(3759, 4, 3, '2024-08-22', '4', '15:00:00', NULL, NULL, NULL, NULL, NULL),
	(3760, 4, 3, '2024-08-22', '4', '15:30:00', NULL, NULL, NULL, NULL, NULL),
	(3761, 4, 3, '2024-08-22', '4', '16:00:00', NULL, NULL, NULL, NULL, NULL),
	(3762, 4, 3, '2024-08-22', '4', '16:30:00', NULL, NULL, NULL, NULL, NULL),
	(3763, 4, 3, '2024-08-22', '4', '17:00:00', NULL, NULL, NULL, NULL, NULL),
	(3764, 4, 3, '2024-08-22', '4', '17:30:00', NULL, NULL, NULL, NULL, NULL),
	(3765, 4, 3, '2024-08-22', '4', '18:00:00', NULL, NULL, NULL, NULL, NULL),
	(3766, 4, 3, '2024-08-23', '5', '08:00:00', NULL, NULL, NULL, NULL, NULL),
	(3767, 4, 3, '2024-08-23', '5', '08:15:00', NULL, NULL, NULL, NULL, NULL),
	(3768, 4, 3, '2024-08-23', '5', '08:30:00', NULL, NULL, NULL, NULL, NULL),
	(3769, 4, 3, '2024-08-23', '5', '08:45:00', NULL, NULL, NULL, NULL, NULL),
	(3770, 4, 3, '2024-08-23', '5', '09:00:00', NULL, NULL, NULL, NULL, NULL),
	(3771, 4, 3, '2024-08-23', '5', '09:15:00', NULL, NULL, NULL, NULL, NULL),
	(3772, 4, 3, '2024-08-23', '5', '09:30:00', NULL, NULL, NULL, NULL, NULL),
	(3773, 4, 3, '2024-08-23', '5', '09:45:00', NULL, NULL, NULL, NULL, NULL),
	(3774, 4, 3, '2024-08-23', '5', '10:00:00', NULL, NULL, NULL, NULL, NULL),
	(3775, 4, 3, '2024-08-23', '5', '10:15:00', NULL, NULL, NULL, NULL, NULL),
	(3776, 4, 3, '2024-08-23', '5', '10:30:00', NULL, NULL, NULL, NULL, NULL),
	(3777, 4, 3, '2024-08-23', '5', '10:45:00', NULL, NULL, NULL, NULL, NULL),
	(3778, 4, 3, '2024-08-23', '5', '11:00:00', NULL, NULL, NULL, NULL, NULL),
	(3779, 4, 3, '2024-08-24', '6', '07:00:00', NULL, NULL, NULL, NULL, NULL),
	(3780, 4, 3, '2024-08-24', '6', '07:15:00', NULL, NULL, NULL, NULL, NULL),
	(3781, 4, 3, '2024-08-24', '6', '07:30:00', NULL, NULL, NULL, NULL, NULL),
	(3782, 4, 3, '2024-08-24', '6', '07:45:00', NULL, NULL, NULL, NULL, NULL),
	(3783, 4, 3, '2024-08-24', '6', '08:00:00', NULL, NULL, NULL, NULL, NULL),
	(3784, 4, 3, '2024-08-24', '6', '13:00:00', NULL, NULL, NULL, NULL, NULL),
	(3785, 4, 3, '2024-08-24', '6', '13:30:00', NULL, NULL, NULL, NULL, NULL),
	(3786, 4, 3, '2024-08-24', '6', '14:00:00', NULL, NULL, NULL, NULL, NULL),
	(3787, 4, 3, '2024-08-24', '6', '14:30:00', NULL, NULL, NULL, NULL, NULL),
	(3788, 4, 3, '2024-08-24', '6', '15:00:00', NULL, NULL, NULL, NULL, NULL),
	(3789, 4, 3, '2024-08-24', '6', '15:30:00', NULL, NULL, NULL, NULL, NULL),
	(3790, 4, 3, '2024-08-24', '6', '16:00:00', NULL, NULL, NULL, NULL, NULL),
	(3791, 4, 3, '2024-08-24', '6', '16:30:00', NULL, NULL, NULL, NULL, NULL),
	(3792, 4, 3, '2024-08-24', '6', '17:00:00', NULL, NULL, NULL, NULL, NULL),
	(3793, 4, 3, '2024-08-24', '6', '17:30:00', NULL, NULL, NULL, NULL, NULL),
	(3794, 4, 3, '2024-08-24', '6', '18:00:00', NULL, NULL, NULL, NULL, NULL),
	(3795, 4, 3, '2024-08-25', '7', '07:00:00', NULL, NULL, NULL, NULL, NULL),
	(3796, 4, 3, '2024-08-25', '7', '07:30:00', NULL, NULL, NULL, NULL, NULL),
	(3797, 4, 3, '2024-08-25', '7', '08:00:00', NULL, NULL, NULL, NULL, NULL),
	(3798, 4, 3, '2024-08-25', '7', '08:30:00', NULL, NULL, NULL, NULL, NULL),
	(3799, 4, 3, '2024-08-25', '7', '09:00:00', NULL, NULL, NULL, NULL, NULL),
	(3800, 4, 3, '2024-08-25', '7', '09:30:00', NULL, NULL, NULL, NULL, NULL),
	(3801, 4, 3, '2024-08-25', '7', '10:00:00', NULL, NULL, NULL, NULL, NULL),
	(3802, 4, 3, '2024-08-25', '7', '10:30:00', NULL, NULL, NULL, NULL, NULL),
	(3803, 4, 3, '2024-08-25', '7', '11:00:00', NULL, NULL, NULL, NULL, NULL),
	(3804, 4, 3, '2024-08-26', '1', '07:00:00', NULL, NULL, NULL, NULL, NULL),
	(3805, 4, 3, '2024-08-26', '1', '07:30:00', NULL, NULL, NULL, NULL, NULL),
	(3806, 4, 3, '2024-08-26', '1', '08:00:00', NULL, NULL, NULL, NULL, NULL),
	(3807, 4, 3, '2024-08-26', '1', '08:30:00', NULL, NULL, NULL, NULL, NULL),
	(3808, 4, 3, '2024-08-26', '1', '09:00:00', NULL, NULL, NULL, NULL, NULL),
	(3809, 4, 3, '2024-08-26', '1', '09:30:00', NULL, NULL, NULL, NULL, NULL),
	(3810, 4, 3, '2024-08-26', '1', '10:00:00', NULL, NULL, NULL, NULL, NULL),
	(3811, 4, 3, '2024-08-26', '1', '10:30:00', NULL, NULL, NULL, NULL, NULL),
	(3812, 4, 3, '2024-08-26', '1', '11:00:00', NULL, NULL, NULL, NULL, NULL),
	(3813, 4, 3, '2024-08-26', '1', '11:30:00', NULL, NULL, NULL, NULL, NULL),
	(3814, 4, 3, '2024-08-26', '1', '12:00:00', NULL, NULL, NULL, NULL, NULL),
	(3815, 4, 3, '2024-08-26', '1', '12:30:00', NULL, NULL, NULL, NULL, NULL),
	(3816, 4, 3, '2024-08-26', '1', '13:00:00', NULL, NULL, NULL, NULL, NULL),
	(3817, 4, 3, '2024-08-26', '1', '13:30:00', NULL, NULL, NULL, NULL, NULL),
	(3818, 4, 3, '2024-08-26', '1', '14:00:00', NULL, NULL, NULL, NULL, NULL),
	(3819, 4, 3, '2024-08-26', '1', '14:30:00', NULL, NULL, NULL, NULL, NULL),
	(3820, 4, 3, '2024-08-26', '1', '15:00:00', NULL, NULL, NULL, NULL, NULL),
	(3821, 4, 3, '2024-08-26', '1', '15:30:00', NULL, NULL, NULL, NULL, NULL),
	(3822, 4, 3, '2024-08-26', '1', '16:00:00', NULL, NULL, NULL, NULL, NULL),
	(3823, 4, 3, '2024-08-26', '1', '16:30:00', NULL, NULL, NULL, NULL, NULL),
	(3824, 4, 3, '2024-08-26', '1', '17:00:00', NULL, NULL, NULL, NULL, NULL),
	(3825, 4, 3, '2024-08-26', '1', '17:30:00', NULL, NULL, NULL, NULL, NULL),
	(3826, 4, 3, '2024-08-26', '1', '18:00:00', NULL, NULL, NULL, NULL, NULL),
	(3827, 4, 3, '2024-08-27', '2', '08:00:00', NULL, NULL, NULL, NULL, NULL),
	(3828, 4, 3, '2024-08-27', '2', '08:30:00', NULL, NULL, NULL, NULL, NULL),
	(3829, 4, 3, '2024-08-27', '2', '09:00:00', NULL, NULL, NULL, NULL, NULL),
	(3830, 4, 3, '2024-08-27', '2', '09:30:00', NULL, NULL, NULL, NULL, NULL),
	(3831, 4, 3, '2024-08-27', '2', '10:00:00', NULL, NULL, NULL, NULL, NULL),
	(3832, 4, 3, '2024-08-27', '2', '10:30:00', NULL, NULL, NULL, NULL, NULL),
	(3833, 4, 3, '2024-08-27', '2', '11:00:00', NULL, NULL, NULL, NULL, NULL),
	(3834, 4, 3, '2024-08-27', '2', '11:30:00', NULL, NULL, NULL, NULL, NULL),
	(3835, 4, 3, '2024-08-27', '2', '12:00:00', NULL, NULL, NULL, NULL, NULL),
	(3836, 4, 3, '2024-08-27', '2', '13:00:00', NULL, NULL, NULL, NULL, NULL),
	(3837, 4, 3, '2024-08-27', '2', '13:20:00', NULL, NULL, NULL, NULL, NULL),
	(3838, 4, 3, '2024-08-27', '2', '13:40:00', NULL, NULL, NULL, NULL, NULL),
	(3839, 4, 3, '2024-08-27', '2', '14:00:00', NULL, NULL, NULL, NULL, NULL),
	(3840, 4, 3, '2024-08-27', '2', '14:20:00', NULL, NULL, NULL, NULL, NULL),
	(3841, 4, 3, '2024-08-27', '2', '14:40:00', NULL, NULL, NULL, NULL, NULL),
	(3842, 4, 3, '2024-08-27', '2', '15:00:00', NULL, NULL, NULL, NULL, NULL),
	(3843, 4, 3, '2024-08-27', '2', '15:20:00', NULL, NULL, NULL, NULL, NULL),
	(3844, 4, 3, '2024-08-27', '2', '15:40:00', NULL, NULL, NULL, NULL, NULL),
	(3845, 4, 3, '2024-08-27', '2', '16:00:00', NULL, NULL, NULL, NULL, NULL),
	(3846, 4, 3, '2024-08-27', '2', '16:20:00', NULL, NULL, NULL, NULL, NULL),
	(3847, 4, 3, '2024-08-27', '2', '16:40:00', NULL, NULL, NULL, NULL, NULL),
	(3848, 4, 3, '2024-08-27', '2', '17:00:00', NULL, NULL, NULL, NULL, NULL),
	(3849, 4, 3, '2024-08-28', '3', '08:00:00', NULL, NULL, NULL, NULL, NULL),
	(3850, 4, 3, '2024-08-28', '3', '08:30:00', NULL, NULL, NULL, NULL, NULL),
	(3851, 4, 3, '2024-08-28', '3', '09:00:00', NULL, NULL, NULL, NULL, NULL),
	(3852, 4, 3, '2024-08-28', '3', '09:30:00', NULL, NULL, NULL, NULL, NULL),
	(3853, 4, 3, '2024-08-28', '3', '10:00:00', NULL, NULL, NULL, NULL, NULL),
	(3854, 4, 3, '2024-08-28', '3', '10:30:00', NULL, NULL, NULL, NULL, NULL),
	(3855, 4, 3, '2024-08-28', '3', '11:00:00', NULL, NULL, NULL, NULL, NULL),
	(3856, 4, 3, '2024-08-29', '4', '07:00:00', NULL, NULL, NULL, NULL, NULL),
	(3857, 4, 3, '2024-08-29', '4', '07:30:00', NULL, NULL, NULL, NULL, NULL),
	(3858, 4, 3, '2024-08-29', '4', '08:00:00', NULL, NULL, NULL, NULL, NULL),
	(3859, 4, 3, '2024-08-29', '4', '08:30:00', NULL, NULL, NULL, NULL, NULL),
	(3860, 4, 3, '2024-08-29', '4', '09:00:00', NULL, NULL, NULL, NULL, NULL),
	(3861, 4, 3, '2024-08-29', '4', '09:30:00', NULL, NULL, NULL, NULL, NULL),
	(3862, 4, 3, '2024-08-29', '4', '10:00:00', NULL, NULL, NULL, NULL, NULL),
	(3863, 4, 3, '2024-08-29', '4', '14:00:00', NULL, NULL, NULL, NULL, NULL),
	(3864, 4, 3, '2024-08-29', '4', '14:30:00', NULL, NULL, NULL, NULL, NULL),
	(3865, 4, 3, '2024-08-29', '4', '15:00:00', NULL, NULL, NULL, NULL, NULL),
	(3866, 4, 3, '2024-08-29', '4', '15:30:00', NULL, NULL, NULL, NULL, NULL),
	(3867, 4, 3, '2024-08-29', '4', '16:00:00', NULL, NULL, NULL, NULL, NULL),
	(3868, 4, 3, '2024-08-29', '4', '16:30:00', NULL, NULL, NULL, NULL, NULL),
	(3869, 4, 3, '2024-08-29', '4', '17:00:00', NULL, NULL, NULL, NULL, NULL),
	(3870, 4, 3, '2024-08-29', '4', '17:30:00', NULL, NULL, NULL, NULL, NULL),
	(3871, 4, 3, '2024-08-29', '4', '18:00:00', NULL, NULL, NULL, NULL, NULL),
	(3872, 4, 3, '2024-08-30', '5', '08:00:00', NULL, NULL, NULL, NULL, NULL),
	(3873, 4, 3, '2024-08-30', '5', '08:15:00', NULL, NULL, NULL, NULL, NULL),
	(3874, 4, 3, '2024-08-30', '5', '08:30:00', NULL, NULL, NULL, NULL, NULL),
	(3875, 4, 3, '2024-08-30', '5', '08:45:00', NULL, NULL, NULL, NULL, NULL),
	(3876, 4, 3, '2024-08-30', '5', '09:00:00', NULL, NULL, NULL, NULL, NULL),
	(3877, 4, 3, '2024-08-30', '5', '09:15:00', NULL, NULL, NULL, NULL, NULL),
	(3878, 4, 3, '2024-08-30', '5', '09:30:00', NULL, NULL, NULL, NULL, NULL),
	(3879, 4, 3, '2024-08-30', '5', '09:45:00', NULL, NULL, NULL, NULL, NULL),
	(3880, 4, 3, '2024-08-30', '5', '10:00:00', NULL, NULL, NULL, NULL, NULL),
	(3881, 4, 3, '2024-08-30', '5', '10:15:00', NULL, NULL, NULL, NULL, NULL),
	(3882, 4, 3, '2024-08-30', '5', '10:30:00', NULL, NULL, NULL, NULL, NULL),
	(3883, 4, 3, '2024-08-30', '5', '10:45:00', NULL, NULL, NULL, NULL, NULL),
	(3884, 4, 3, '2024-08-30', '5', '11:00:00', NULL, NULL, NULL, NULL, NULL),
	(3885, 4, 3, '2024-08-31', '6', '07:00:00', NULL, NULL, NULL, NULL, NULL),
	(3886, 4, 3, '2024-08-31', '6', '07:15:00', NULL, NULL, NULL, NULL, NULL),
	(3887, 4, 3, '2024-08-31', '6', '07:30:00', NULL, NULL, NULL, NULL, NULL),
	(3888, 4, 3, '2024-08-31', '6', '07:45:00', NULL, NULL, NULL, NULL, NULL),
	(3889, 4, 3, '2024-08-31', '6', '08:00:00', NULL, NULL, NULL, NULL, NULL),
	(3890, 4, 3, '2024-08-31', '6', '13:00:00', NULL, NULL, NULL, NULL, NULL),
	(3891, 4, 3, '2024-08-31', '6', '13:30:00', NULL, NULL, NULL, NULL, NULL),
	(3892, 4, 3, '2024-08-31', '6', '14:00:00', NULL, NULL, NULL, NULL, NULL),
	(3893, 4, 3, '2024-08-31', '6', '14:30:00', NULL, NULL, NULL, NULL, NULL),
	(3894, 4, 3, '2024-08-31', '6', '15:00:00', NULL, NULL, NULL, NULL, NULL),
	(3895, 4, 3, '2024-08-31', '6', '15:30:00', NULL, NULL, NULL, NULL, NULL),
	(3896, 4, 3, '2024-08-31', '6', '16:00:00', NULL, NULL, NULL, NULL, NULL),
	(3897, 4, 3, '2024-08-31', '6', '16:30:00', NULL, NULL, NULL, NULL, NULL),
	(3898, 4, 3, '2024-08-31', '6', '17:00:00', NULL, NULL, NULL, NULL, NULL),
	(3899, 4, 3, '2024-08-31', '6', '17:30:00', NULL, NULL, NULL, NULL, NULL),
	(3900, 4, 3, '2024-08-31', '6', '18:00:00', NULL, NULL, NULL, NULL, NULL),
	(3901, 2, 3, '2024-08-07', '3', '08:00:00', NULL, NULL, NULL, NULL, NULL),
	(3902, 2, 3, '2024-08-07', '3', '08:30:00', NULL, NULL, NULL, NULL, NULL),
	(3903, 2, 3, '2024-08-07', '3', '09:00:00', NULL, NULL, NULL, NULL, NULL),
	(3904, 2, 3, '2024-08-07', '3', '09:30:00', NULL, NULL, NULL, NULL, NULL),
	(3905, 2, 3, '2024-08-07', '3', '10:00:00', NULL, NULL, NULL, NULL, NULL),
	(3906, 2, 3, '2024-08-14', '3', '08:00:00', NULL, NULL, NULL, NULL, NULL),
	(3907, 2, 3, '2024-08-14', '3', '08:30:00', NULL, NULL, NULL, NULL, NULL),
	(3908, 2, 3, '2024-08-14', '3', '09:00:00', NULL, NULL, NULL, NULL, NULL),
	(3909, 2, 3, '2024-08-14', '3', '09:30:00', NULL, NULL, NULL, NULL, NULL),
	(3910, 2, 3, '2024-08-14', '3', '10:00:00', NULL, NULL, NULL, NULL, NULL),
	(28745, 1, 3, '2024-07-15', '1', '09:00:00', NULL, NULL, NULL, NULL, NULL),
	(28746, 1, 3, '2024-07-15', '1', '09:30:00', NULL, NULL, NULL, NULL, NULL),
	(28747, 1, 3, '2024-07-15', '1', '10:00:00', NULL, NULL, NULL, NULL, NULL),
	(28748, 1, 3, '2024-07-15', '1', '10:30:00', NULL, NULL, NULL, NULL, NULL),
	(28749, 1, 3, '2024-07-15', '1', '11:00:00', NULL, NULL, NULL, NULL, NULL),
	(28750, 1, 3, '2024-07-19', '5', '08:00:00', NULL, NULL, NULL, NULL, NULL),
	(28751, 1, 3, '2024-07-19', '5', '08:30:00', NULL, NULL, NULL, NULL, NULL),
	(28752, 1, 3, '2024-07-19', '5', '09:00:00', NULL, NULL, NULL, NULL, NULL),
	(28753, 1, 3, '2024-07-19', '5', '09:30:00', NULL, NULL, NULL, NULL, NULL),
	(28754, 1, 3, '2024-07-19', '5', '10:00:00', NULL, NULL, NULL, NULL, NULL),
	(28755, 1, 3, '2024-07-19', '5', '10:30:00', NULL, NULL, NULL, NULL, NULL),
	(28756, 1, 3, '2024-07-19', '5', '11:00:00', NULL, NULL, NULL, NULL, NULL),
	(28757, 1, 3, '2024-07-19', '5', '11:30:00', NULL, NULL, NULL, NULL, NULL),
	(28758, 1, 3, '2024-07-19', '5', '12:00:00', NULL, NULL, NULL, NULL, NULL),
	(28759, 1, 3, '2024-07-19', '5', '13:00:00', NULL, NULL, NULL, NULL, NULL),
	(28760, 1, 3, '2024-07-19', '5', '13:30:00', NULL, NULL, NULL, NULL, NULL),
	(28761, 1, 3, '2024-07-19', '5', '14:00:00', NULL, NULL, NULL, NULL, NULL),
	(28762, 1, 3, '2024-07-19', '5', '14:30:00', NULL, NULL, NULL, NULL, NULL),
	(28763, 1, 3, '2024-07-19', '5', '15:00:00', NULL, NULL, NULL, NULL, NULL),
	(28764, 1, 3, '2024-07-19', '5', '15:30:00', NULL, NULL, NULL, NULL, NULL),
	(28765, 1, 3, '2024-07-19', '5', '16:00:00', NULL, NULL, NULL, NULL, NULL),
	(28766, 1, 3, '2024-07-19', '5', '16:30:00', NULL, NULL, NULL, NULL, NULL),
	(28767, 1, 3, '2024-07-19', '5', '17:00:00', NULL, NULL, NULL, NULL, NULL),
	(28768, 1, 3, '2024-07-19', '5', '13:00:00', NULL, NULL, NULL, NULL, NULL),
	(28769, 1, 3, '2024-07-19', '5', '13:15:00', NULL, NULL, NULL, NULL, NULL),
	(28770, 1, 3, '2024-07-19', '5', '13:30:00', NULL, NULL, NULL, NULL, NULL),
	(28771, 1, 3, '2024-07-19', '5', '13:45:00', NULL, NULL, NULL, NULL, NULL),
	(28772, 1, 3, '2024-07-19', '5', '14:00:00', NULL, NULL, NULL, NULL, NULL),
	(28773, 1, 3, '2024-07-19', '5', '14:15:00', NULL, NULL, NULL, NULL, NULL),
	(28774, 1, 3, '2024-07-19', '5', '14:30:00', NULL, NULL, NULL, NULL, NULL),
	(28775, 1, 3, '2024-07-19', '5', '14:45:00', NULL, NULL, NULL, NULL, NULL),
	(28776, 1, 3, '2024-07-19', '5', '15:00:00', NULL, NULL, NULL, NULL, NULL),
	(28777, 1, 3, '2024-07-19', '5', '15:15:00', NULL, NULL, NULL, NULL, NULL),
	(28778, 1, 3, '2024-07-19', '5', '15:30:00', NULL, NULL, NULL, NULL, NULL),
	(28779, 1, 3, '2024-07-19', '5', '15:45:00', NULL, NULL, NULL, NULL, NULL),
	(28780, 1, 3, '2024-07-19', '5', '16:00:00', NULL, NULL, NULL, NULL, NULL),
	(28781, 1, 3, '2024-07-19', '5', '16:15:00', NULL, NULL, NULL, NULL, NULL),
	(28782, 1, 3, '2024-07-19', '5', '16:30:00', NULL, NULL, NULL, NULL, NULL),
	(28783, 1, 3, '2024-07-19', '5', '16:45:00', NULL, NULL, NULL, NULL, NULL),
	(28784, 1, 3, '2024-07-19', '5', '17:00:00', NULL, NULL, NULL, NULL, NULL),
	(28785, 1, 3, '2024-07-19', '5', '17:15:00', NULL, NULL, NULL, NULL, NULL),
	(28786, 1, 3, '2024-07-19', '5', '17:30:00', NULL, NULL, NULL, NULL, NULL),
	(28787, 1, 3, '2024-07-19', '5', '17:45:00', NULL, NULL, NULL, NULL, NULL),
	(28788, 1, 3, '2024-07-19', '5', '18:00:00', NULL, NULL, NULL, NULL, NULL),
	(28789, 1, 3, '2024-07-19', '5', '18:15:00', NULL, NULL, NULL, NULL, NULL),
	(28790, 1, 3, '2024-07-19', '5', '18:30:00', NULL, NULL, NULL, NULL, NULL),
	(28791, 1, 3, '2024-07-19', '5', '18:45:00', NULL, NULL, NULL, NULL, NULL),
	(28792, 1, 3, '2024-07-19', '5', '19:00:00', NULL, NULL, NULL, NULL, NULL),
	(28793, 1, 3, '2024-07-19', '5', '19:15:00', NULL, NULL, NULL, NULL, NULL),
	(28794, 1, 3, '2024-07-19', '5', '19:30:00', NULL, NULL, NULL, NULL, NULL),
	(28795, 1, 3, '2024-07-19', '5', '19:45:00', NULL, NULL, NULL, NULL, NULL),
	(28796, 1, 3, '2024-07-19', '5', '20:00:00', NULL, NULL, NULL, NULL, NULL),
	(28797, 1, 3, '2024-07-19', '5', '20:15:00', NULL, NULL, NULL, NULL, NULL),
	(28798, 1, 3, '2024-07-19', '5', '20:30:00', NULL, NULL, NULL, NULL, NULL),
	(28799, 1, 3, '2024-07-19', '5', '20:45:00', NULL, NULL, NULL, NULL, NULL),
	(28800, 1, 3, '2024-07-19', '5', '21:00:00', NULL, NULL, NULL, NULL, NULL),
	(28801, 1, 3, '2024-07-20', '6', '08:00:00', NULL, NULL, NULL, NULL, NULL),
	(28802, 1, 3, '2024-07-20', '6', '08:20:00', NULL, NULL, NULL, NULL, NULL),
	(28803, 1, 3, '2024-07-20', '6', '08:40:00', NULL, NULL, NULL, NULL, NULL),
	(28804, 1, 3, '2024-07-20', '6', '09:00:00', NULL, NULL, NULL, NULL, NULL),
	(28805, 1, 3, '2024-07-20', '6', '09:20:00', NULL, NULL, NULL, NULL, NULL),
	(28806, 1, 3, '2024-07-20', '6', '09:40:00', NULL, NULL, NULL, NULL, NULL),
	(28807, 1, 3, '2024-07-20', '6', '10:00:00', NULL, NULL, NULL, NULL, NULL),
	(28808, 1, 3, '2024-07-20', '6', '10:20:00', NULL, NULL, NULL, NULL, NULL),
	(28809, 1, 3, '2024-07-20', '6', '10:40:00', NULL, NULL, NULL, NULL, NULL),
	(28810, 1, 3, '2024-07-20', '6', '11:00:00', NULL, NULL, NULL, NULL, NULL),
	(28811, 1, 3, '2024-07-22', '1', '09:00:00', 'Jussára Damião da Silva Neves', NULL, NULL, NULL, NULL),
	(28812, 1, 3, '2024-07-22', '1', '09:30:00', NULL, NULL, NULL, NULL, NULL),
	(28813, 1, 3, '2024-07-22', '1', '10:00:00', 'Glaison Queiroz', '(36) 71-2550', 'glaison26.queiroz@gmail.com', 'dfdsfds', '88845665'),
	(28814, 1, 3, '2024-07-22', '1', '10:30:00', '', '', '', '', ''),
	(28815, 1, 3, '2024-07-22', '1', '11:00:00', NULL, NULL, NULL, NULL, NULL),
	(28816, 1, 3, '2024-07-26', '5', '08:00:00', NULL, NULL, NULL, NULL, NULL),
	(28817, 1, 3, '2024-07-26', '5', '08:30:00', NULL, NULL, NULL, NULL, NULL),
	(28818, 1, 3, '2024-07-26', '5', '09:00:00', NULL, NULL, NULL, NULL, NULL),
	(28819, 1, 3, '2024-07-26', '5', '09:30:00', NULL, NULL, NULL, NULL, NULL),
	(28820, 1, 3, '2024-07-26', '5', '10:00:00', NULL, NULL, NULL, NULL, NULL),
	(28821, 1, 3, '2024-07-26', '5', '10:30:00', NULL, NULL, NULL, NULL, NULL),
	(28822, 1, 3, '2024-07-26', '5', '11:00:00', NULL, NULL, NULL, NULL, NULL),
	(28823, 1, 3, '2024-07-26', '5', '11:30:00', NULL, NULL, NULL, NULL, NULL),
	(28824, 1, 3, '2024-07-26', '5', '12:00:00', NULL, NULL, NULL, NULL, NULL),
	(28825, 1, 3, '2024-07-26', '5', '13:00:00', NULL, NULL, NULL, NULL, NULL),
	(28826, 1, 3, '2024-07-26', '5', '13:30:00', NULL, NULL, NULL, NULL, NULL),
	(28827, 1, 3, '2024-07-26', '5', '14:00:00', NULL, NULL, NULL, NULL, NULL),
	(28828, 1, 3, '2024-07-26', '5', '14:30:00', NULL, NULL, NULL, NULL, NULL),
	(28829, 1, 3, '2024-07-26', '5', '15:00:00', NULL, NULL, NULL, NULL, NULL),
	(28830, 1, 3, '2024-07-26', '5', '15:30:00', NULL, NULL, NULL, NULL, NULL),
	(28831, 1, 3, '2024-07-26', '5', '16:00:00', NULL, NULL, NULL, NULL, NULL),
	(28832, 1, 3, '2024-07-26', '5', '16:30:00', NULL, NULL, NULL, NULL, NULL),
	(28833, 1, 3, '2024-07-26', '5', '17:00:00', NULL, NULL, NULL, NULL, NULL),
	(28834, 1, 3, '2024-07-26', '5', '13:00:00', NULL, NULL, NULL, NULL, NULL),
	(28835, 1, 3, '2024-07-26', '5', '13:15:00', NULL, NULL, NULL, NULL, NULL),
	(28836, 1, 3, '2024-07-26', '5', '13:30:00', NULL, NULL, NULL, NULL, NULL),
	(28837, 1, 3, '2024-07-26', '5', '13:45:00', NULL, NULL, NULL, NULL, NULL),
	(28838, 1, 3, '2024-07-26', '5', '14:00:00', NULL, NULL, NULL, NULL, NULL),
	(28839, 1, 3, '2024-07-26', '5', '14:15:00', NULL, NULL, NULL, NULL, NULL),
	(28840, 1, 3, '2024-07-26', '5', '14:30:00', NULL, NULL, NULL, NULL, NULL),
	(28841, 1, 3, '2024-07-26', '5', '14:45:00', NULL, NULL, NULL, NULL, NULL),
	(28842, 1, 3, '2024-07-26', '5', '15:00:00', NULL, NULL, NULL, NULL, NULL),
	(28843, 1, 3, '2024-07-26', '5', '15:15:00', NULL, NULL, NULL, NULL, NULL),
	(28844, 1, 3, '2024-07-26', '5', '15:30:00', NULL, NULL, NULL, NULL, NULL),
	(28845, 1, 3, '2024-07-26', '5', '15:45:00', NULL, NULL, NULL, NULL, NULL),
	(28846, 1, 3, '2024-07-26', '5', '16:00:00', NULL, NULL, NULL, NULL, NULL),
	(28847, 1, 3, '2024-07-26', '5', '16:15:00', NULL, NULL, NULL, NULL, NULL),
	(28848, 1, 3, '2024-07-26', '5', '16:30:00', NULL, NULL, NULL, NULL, NULL),
	(28849, 1, 3, '2024-07-26', '5', '16:45:00', NULL, NULL, NULL, NULL, NULL),
	(28850, 1, 3, '2024-07-26', '5', '17:00:00', NULL, NULL, NULL, NULL, NULL),
	(28851, 1, 3, '2024-07-26', '5', '17:15:00', NULL, NULL, NULL, NULL, NULL),
	(28852, 1, 3, '2024-07-26', '5', '17:30:00', NULL, NULL, NULL, NULL, NULL),
	(28853, 1, 3, '2024-07-26', '5', '17:45:00', NULL, NULL, NULL, NULL, NULL),
	(28854, 1, 3, '2024-07-26', '5', '18:00:00', NULL, NULL, NULL, NULL, NULL),
	(28855, 1, 3, '2024-07-26', '5', '18:15:00', NULL, NULL, NULL, NULL, NULL),
	(28856, 1, 3, '2024-07-26', '5', '18:30:00', NULL, NULL, NULL, NULL, NULL),
	(28857, 1, 3, '2024-07-26', '5', '18:45:00', NULL, NULL, NULL, NULL, NULL),
	(28858, 1, 3, '2024-07-26', '5', '19:00:00', NULL, NULL, NULL, NULL, NULL),
	(28859, 1, 3, '2024-07-26', '5', '19:15:00', NULL, NULL, NULL, NULL, NULL),
	(28860, 1, 3, '2024-07-26', '5', '19:30:00', NULL, NULL, NULL, NULL, NULL),
	(28861, 1, 3, '2024-07-26', '5', '19:45:00', NULL, NULL, NULL, NULL, NULL),
	(28862, 1, 3, '2024-07-26', '5', '20:00:00', NULL, NULL, NULL, NULL, NULL),
	(28863, 1, 3, '2024-07-26', '5', '20:15:00', NULL, NULL, NULL, NULL, NULL),
	(28864, 1, 3, '2024-07-26', '5', '20:30:00', NULL, NULL, NULL, NULL, NULL),
	(28865, 1, 3, '2024-07-26', '5', '20:45:00', NULL, NULL, NULL, NULL, NULL),
	(28866, 1, 3, '2024-07-26', '5', '21:00:00', NULL, NULL, NULL, NULL, NULL),
	(28867, 2, 3, '2024-07-22', '1', '08:00:00', NULL, NULL, NULL, NULL, NULL),
	(28868, 2, 3, '2024-07-22', '1', '08:20:00', NULL, NULL, NULL, NULL, NULL),
	(28869, 2, 3, '2024-07-22', '1', '08:40:00', NULL, NULL, NULL, NULL, NULL),
	(28870, 2, 3, '2024-07-22', '1', '09:00:00', NULL, NULL, NULL, NULL, NULL),
	(28871, 2, 3, '2024-07-22', '1', '09:20:00', NULL, NULL, NULL, NULL, NULL),
	(28872, 2, 3, '2024-07-22', '1', '09:40:00', NULL, NULL, NULL, NULL, NULL),
	(28873, 2, 3, '2024-07-22', '1', '10:00:00', NULL, NULL, NULL, NULL, NULL),
	(28874, 2, 3, '2024-07-22', '1', '10:20:00', NULL, NULL, NULL, NULL, NULL),
	(28875, 2, 3, '2024-07-22', '1', '10:40:00', NULL, NULL, NULL, NULL, NULL),
	(28876, 2, 3, '2024-07-22', '1', '11:00:00', NULL, NULL, NULL, NULL, NULL),
	(28877, 2, 3, '2024-07-22', '1', '11:20:00', NULL, NULL, NULL, NULL, NULL),
	(28878, 2, 3, '2024-07-22', '1', '11:40:00', NULL, NULL, NULL, NULL, NULL),
	(28879, 2, 3, '2024-07-22', '1', '12:00:00', NULL, NULL, NULL, NULL, NULL),
	(28880, 2, 3, '2024-07-22', '1', '12:20:00', NULL, NULL, NULL, NULL, NULL),
	(28881, 2, 3, '2024-07-22', '1', '12:40:00', NULL, NULL, NULL, NULL, NULL),
	(28882, 2, 3, '2024-07-22', '1', '13:00:00', NULL, NULL, NULL, NULL, NULL),
	(28883, 2, 3, '2024-07-22', '1', '14:00:00', NULL, NULL, NULL, NULL, NULL),
	(28884, 2, 3, '2024-07-22', '1', '14:20:00', NULL, NULL, NULL, NULL, NULL),
	(28885, 2, 3, '2024-07-22', '1', '14:40:00', NULL, NULL, NULL, NULL, NULL),
	(28886, 2, 3, '2024-07-22', '1', '15:00:00', NULL, NULL, NULL, NULL, NULL),
	(28887, 2, 3, '2024-07-22', '1', '15:20:00', NULL, NULL, NULL, NULL, NULL),
	(28888, 2, 3, '2024-07-22', '1', '15:40:00', NULL, NULL, NULL, NULL, NULL),
	(28889, 2, 3, '2024-07-22', '1', '16:00:00', NULL, NULL, NULL, NULL, NULL),
	(28890, 2, 3, '2024-07-22', '1', '16:20:00', NULL, NULL, NULL, NULL, NULL),
	(28891, 2, 3, '2024-07-22', '1', '16:40:00', NULL, NULL, NULL, NULL, NULL),
	(28892, 2, 3, '2024-07-22', '1', '17:00:00', NULL, NULL, NULL, NULL, NULL),
	(28893, 2, 3, '2024-07-22', '1', '17:20:00', NULL, NULL, NULL, NULL, NULL),
	(28894, 2, 3, '2024-07-22', '1', '17:40:00', NULL, NULL, NULL, NULL, NULL),
	(28895, 2, 3, '2024-07-22', '1', '18:00:00', NULL, NULL, NULL, NULL, NULL),
	(28896, 1, 3, '2024-07-29', '1', '09:00:00', NULL, NULL, NULL, NULL, NULL),
	(28897, 1, 3, '2024-07-29', '1', '09:30:00', NULL, NULL, NULL, NULL, NULL),
	(28898, 1, 3, '2024-07-29', '1', '10:00:00', NULL, NULL, NULL, NULL, NULL),
	(28899, 1, 3, '2024-07-29', '1', '10:30:00', NULL, NULL, NULL, NULL, NULL),
	(28900, 1, 3, '2024-07-29', '1', '11:00:00', NULL, NULL, NULL, NULL, NULL),
	(28901, 1, 4, '2024-08-02', '5', '08:00:00', 'Glaison Queiroz', '(31) 98426-2508', 'glaison26.queiroz@gmail.com', '', '88845665'),
	(28902, 1, 3, '2024-08-02', '5', '08:30:00', NULL, NULL, NULL, NULL, NULL),
	(28903, 1, 3, '2024-08-02', '5', '09:00:00', NULL, NULL, NULL, NULL, NULL),
	(28904, 1, 3, '2024-08-02', '5', '09:30:00', NULL, NULL, NULL, NULL, NULL),
	(28905, 1, 3, '2024-08-02', '5', '10:00:00', NULL, NULL, NULL, NULL, NULL),
	(28906, 1, 3, '2024-08-02', '5', '10:30:00', NULL, NULL, NULL, NULL, NULL),
	(28907, 1, 3, '2024-08-02', '5', '11:00:00', NULL, NULL, NULL, NULL, NULL),
	(28908, 1, 3, '2024-08-02', '5', '11:30:00', NULL, NULL, NULL, NULL, NULL),
	(28909, 1, 3, '2024-08-02', '5', '12:00:00', NULL, NULL, NULL, NULL, NULL),
	(28910, 1, 3, '2024-08-02', '5', '13:00:00', NULL, NULL, NULL, NULL, NULL),
	(28911, 1, 3, '2024-08-02', '5', '13:30:00', NULL, NULL, NULL, NULL, NULL),
	(28912, 1, 3, '2024-08-02', '5', '14:00:00', NULL, NULL, NULL, NULL, NULL),
	(28913, 1, 3, '2024-08-02', '5', '14:30:00', NULL, NULL, NULL, NULL, NULL),
	(28914, 1, 3, '2024-08-02', '5', '15:00:00', NULL, NULL, NULL, NULL, NULL),
	(28915, 1, 3, '2024-08-02', '5', '15:30:00', NULL, NULL, NULL, NULL, NULL),
	(28916, 1, 3, '2024-08-02', '5', '16:00:00', NULL, NULL, NULL, NULL, NULL),
	(28917, 1, 3, '2024-08-02', '5', '16:30:00', NULL, NULL, NULL, NULL, NULL),
	(28918, 1, 3, '2024-08-02', '5', '17:00:00', NULL, NULL, NULL, NULL, NULL),
	(28919, 1, 3, '2024-08-02', '5', '13:00:00', NULL, NULL, NULL, NULL, NULL),
	(28920, 1, 3, '2024-08-02', '5', '13:15:00', NULL, NULL, NULL, NULL, NULL),
	(28921, 1, 3, '2024-08-02', '5', '13:30:00', NULL, NULL, NULL, NULL, NULL),
	(28922, 1, 3, '2024-08-02', '5', '13:45:00', NULL, NULL, NULL, NULL, NULL),
	(28923, 1, 3, '2024-08-02', '5', '14:00:00', NULL, NULL, NULL, NULL, NULL),
	(28924, 1, 3, '2024-08-02', '5', '14:15:00', NULL, NULL, NULL, NULL, NULL),
	(28925, 1, 3, '2024-08-02', '5', '14:30:00', NULL, NULL, NULL, NULL, NULL),
	(28926, 1, 3, '2024-08-02', '5', '14:45:00', NULL, NULL, NULL, NULL, NULL),
	(28927, 1, 3, '2024-08-02', '5', '15:00:00', NULL, NULL, NULL, NULL, NULL),
	(28928, 1, 3, '2024-08-02', '5', '15:15:00', NULL, NULL, NULL, NULL, NULL),
	(28929, 1, 3, '2024-08-02', '5', '15:30:00', NULL, NULL, NULL, NULL, NULL),
	(28930, 1, 3, '2024-08-02', '5', '15:45:00', NULL, NULL, NULL, NULL, NULL),
	(28931, 1, 3, '2024-08-02', '5', '16:00:00', NULL, NULL, NULL, NULL, NULL),
	(28932, 1, 3, '2024-08-02', '5', '16:15:00', NULL, NULL, NULL, NULL, NULL),
	(28933, 1, 3, '2024-08-02', '5', '16:30:00', NULL, NULL, NULL, NULL, NULL),
	(28934, 1, 3, '2024-08-02', '5', '16:45:00', NULL, NULL, NULL, NULL, NULL),
	(28935, 1, 3, '2024-08-02', '5', '17:00:00', NULL, NULL, NULL, NULL, NULL),
	(28936, 1, 3, '2024-08-02', '5', '17:15:00', NULL, NULL, NULL, NULL, NULL),
	(28937, 1, 3, '2024-08-02', '5', '17:30:00', NULL, NULL, NULL, NULL, NULL),
	(28938, 1, 3, '2024-08-02', '5', '17:45:00', NULL, NULL, NULL, NULL, NULL),
	(28939, 1, 3, '2024-08-02', '5', '18:00:00', NULL, NULL, NULL, NULL, NULL),
	(28940, 1, 3, '2024-08-02', '5', '18:15:00', NULL, NULL, NULL, NULL, NULL),
	(28941, 1, 3, '2024-08-02', '5', '18:30:00', NULL, NULL, NULL, NULL, NULL),
	(28942, 1, 3, '2024-08-02', '5', '18:45:00', NULL, NULL, NULL, NULL, NULL),
	(28943, 1, 3, '2024-08-02', '5', '19:00:00', NULL, NULL, NULL, NULL, NULL),
	(28944, 1, 3, '2024-08-02', '5', '19:15:00', NULL, NULL, NULL, NULL, NULL),
	(28945, 1, 3, '2024-08-02', '5', '19:30:00', NULL, NULL, NULL, NULL, NULL),
	(28946, 1, 3, '2024-08-02', '5', '19:45:00', NULL, NULL, NULL, NULL, NULL),
	(28947, 1, 3, '2024-08-02', '5', '20:00:00', NULL, NULL, NULL, NULL, NULL),
	(28948, 1, 3, '2024-08-02', '5', '20:15:00', NULL, NULL, NULL, NULL, NULL),
	(28949, 1, 3, '2024-08-02', '5', '20:30:00', NULL, NULL, NULL, NULL, NULL),
	(28950, 1, 3, '2024-08-02', '5', '20:45:00', NULL, NULL, NULL, NULL, NULL),
	(28951, 1, 3, '2024-08-02', '5', '21:00:00', NULL, NULL, NULL, NULL, NULL),
	(28952, 1, 3, '2024-08-05', '1', '09:00:00', NULL, NULL, NULL, NULL, NULL),
	(28953, 1, 3, '2024-08-05', '1', '09:30:00', NULL, NULL, NULL, NULL, NULL),
	(28954, 1, 3, '2024-08-05', '1', '10:00:00', NULL, NULL, NULL, NULL, NULL),
	(28955, 1, 3, '2024-08-05', '1', '10:30:00', NULL, NULL, NULL, NULL, NULL),
	(28956, 1, 3, '2024-08-05', '1', '11:00:00', NULL, NULL, NULL, NULL, NULL),
	(28957, 1, 3, '2024-08-09', '5', '08:00:00', NULL, NULL, NULL, NULL, NULL),
	(28958, 1, 3, '2024-08-09', '5', '08:30:00', NULL, NULL, NULL, NULL, NULL),
	(28959, 1, 3, '2024-08-09', '5', '09:00:00', NULL, NULL, NULL, NULL, NULL),
	(28960, 1, 3, '2024-08-09', '5', '09:30:00', NULL, NULL, NULL, NULL, NULL),
	(28961, 1, 3, '2024-08-09', '5', '10:00:00', NULL, NULL, NULL, NULL, NULL),
	(28962, 1, 3, '2024-08-09', '5', '10:30:00', NULL, NULL, NULL, NULL, NULL),
	(28963, 1, 3, '2024-08-09', '5', '11:00:00', NULL, NULL, NULL, NULL, NULL),
	(28964, 1, 3, '2024-08-09', '5', '11:30:00', NULL, NULL, NULL, NULL, NULL),
	(28965, 1, 3, '2024-08-09', '5', '12:00:00', NULL, NULL, NULL, NULL, NULL),
	(28966, 1, 3, '2024-08-09', '5', '13:00:00', NULL, NULL, NULL, NULL, NULL),
	(28967, 1, 3, '2024-08-09', '5', '13:30:00', NULL, NULL, NULL, NULL, NULL),
	(28968, 1, 3, '2024-08-09', '5', '14:00:00', NULL, NULL, NULL, NULL, NULL),
	(28969, 1, 3, '2024-08-09', '5', '14:30:00', NULL, NULL, NULL, NULL, NULL),
	(28970, 1, 3, '2024-08-09', '5', '15:00:00', NULL, NULL, NULL, NULL, NULL),
	(28971, 1, 3, '2024-08-09', '5', '15:30:00', NULL, NULL, NULL, NULL, NULL),
	(28972, 1, 3, '2024-08-09', '5', '16:00:00', NULL, NULL, NULL, NULL, NULL),
	(28973, 1, 3, '2024-08-09', '5', '16:30:00', NULL, NULL, NULL, NULL, NULL),
	(28974, 1, 3, '2024-08-09', '5', '17:00:00', NULL, NULL, NULL, NULL, NULL),
	(28975, 1, 3, '2024-08-09', '5', '19:00:00', NULL, NULL, NULL, NULL, NULL),
	(28976, 1, 3, '2024-08-09', '5', '19:15:00', NULL, NULL, NULL, NULL, NULL),
	(28977, 1, 3, '2024-08-09', '5', '19:30:00', NULL, NULL, NULL, NULL, NULL),
	(28978, 1, 3, '2024-08-09', '5', '19:45:00', NULL, NULL, NULL, NULL, NULL),
	(28979, 1, 3, '2024-08-09', '5', '20:00:00', NULL, NULL, NULL, NULL, NULL),
	(28980, 1, 3, '2024-08-09', '5', '20:15:00', NULL, NULL, NULL, NULL, NULL),
	(28981, 1, 3, '2024-08-09', '5', '20:30:00', NULL, NULL, NULL, NULL, NULL),
	(28982, 1, 3, '2024-08-09', '5', '20:45:00', NULL, NULL, NULL, NULL, NULL),
	(28983, 1, 3, '2024-08-09', '5', '21:00:00', NULL, NULL, NULL, NULL, NULL),
	(28984, 1, 3, '2024-08-10', '6', '08:00:00', NULL, NULL, NULL, NULL, NULL),
	(28985, 1, 3, '2024-08-10', '6', '08:20:00', NULL, NULL, NULL, NULL, NULL),
	(28986, 1, 3, '2024-08-10', '6', '08:40:00', NULL, NULL, NULL, NULL, NULL),
	(28987, 1, 3, '2024-08-10', '6', '09:00:00', NULL, NULL, NULL, NULL, NULL),
	(28988, 1, 3, '2024-08-10', '6', '09:20:00', NULL, NULL, NULL, NULL, NULL),
	(28989, 1, 3, '2024-08-10', '6', '09:40:00', NULL, NULL, NULL, NULL, NULL),
	(28990, 1, 3, '2024-08-10', '6', '10:00:00', NULL, NULL, NULL, NULL, NULL),
	(28991, 1, 3, '2024-08-10', '6', '10:20:00', NULL, NULL, NULL, NULL, NULL),
	(28992, 1, 3, '2024-08-10', '6', '10:40:00', NULL, NULL, NULL, NULL, NULL),
	(28993, 1, 3, '2024-08-10', '6', '11:00:00', NULL, NULL, NULL, NULL, NULL),
	(28994, 1, 3, '2024-08-12', '1', '09:00:00', NULL, NULL, NULL, NULL, NULL),
	(28995, 1, 3, '2024-08-12', '1', '09:30:00', NULL, NULL, NULL, NULL, NULL),
	(28996, 1, 3, '2024-08-12', '1', '10:00:00', NULL, NULL, NULL, NULL, NULL),
	(28997, 1, 3, '2024-08-12', '1', '10:30:00', NULL, NULL, NULL, NULL, NULL),
	(28998, 1, 3, '2024-08-12', '1', '11:00:00', NULL, NULL, NULL, NULL, NULL),
	(28999, 1, 3, '2024-08-16', '5', '08:00:00', NULL, NULL, NULL, NULL, NULL),
	(29000, 1, 3, '2024-08-16', '5', '08:30:00', NULL, NULL, NULL, NULL, NULL),
	(29001, 1, 3, '2024-08-16', '5', '09:00:00', NULL, NULL, NULL, NULL, NULL),
	(29002, 1, 3, '2024-08-16', '5', '09:30:00', NULL, NULL, NULL, NULL, NULL),
	(29003, 1, 3, '2024-08-16', '5', '10:00:00', NULL, NULL, NULL, NULL, NULL),
	(29004, 1, 3, '2024-08-16', '5', '10:30:00', NULL, NULL, NULL, NULL, NULL),
	(29005, 1, 3, '2024-08-16', '5', '11:00:00', NULL, NULL, NULL, NULL, NULL),
	(29006, 1, 3, '2024-08-16', '5', '11:30:00', NULL, NULL, NULL, NULL, NULL),
	(29007, 1, 3, '2024-08-16', '5', '12:00:00', NULL, NULL, NULL, NULL, NULL),
	(29008, 1, 3, '2024-08-16', '5', '13:00:00', NULL, NULL, NULL, NULL, NULL),
	(29009, 1, 3, '2024-08-16', '5', '13:30:00', NULL, NULL, NULL, NULL, NULL),
	(29010, 1, 3, '2024-08-16', '5', '14:00:00', NULL, NULL, NULL, NULL, NULL),
	(29011, 1, 3, '2024-08-16', '5', '14:30:00', NULL, NULL, NULL, NULL, NULL),
	(29012, 1, 3, '2024-08-16', '5', '15:00:00', NULL, NULL, NULL, NULL, NULL),
	(29013, 1, 3, '2024-08-16', '5', '15:30:00', NULL, NULL, NULL, NULL, NULL),
	(29014, 1, 3, '2024-08-16', '5', '16:00:00', NULL, NULL, NULL, NULL, NULL),
	(29015, 1, 3, '2024-08-16', '5', '16:30:00', NULL, NULL, NULL, NULL, NULL),
	(29016, 1, 3, '2024-08-16', '5', '17:00:00', NULL, NULL, NULL, NULL, NULL),
	(29017, 1, 3, '2024-08-16', '5', '19:00:00', NULL, NULL, NULL, NULL, NULL),
	(29018, 1, 3, '2024-08-16', '5', '19:15:00', NULL, NULL, NULL, NULL, NULL),
	(29019, 1, 3, '2024-08-16', '5', '19:30:00', NULL, NULL, NULL, NULL, NULL),
	(29020, 1, 3, '2024-08-16', '5', '19:45:00', NULL, NULL, NULL, NULL, NULL),
	(29021, 1, 3, '2024-08-16', '5', '20:00:00', NULL, NULL, NULL, NULL, NULL),
	(29022, 1, 3, '2024-08-16', '5', '20:15:00', NULL, NULL, NULL, NULL, NULL),
	(29023, 1, 3, '2024-08-16', '5', '20:30:00', NULL, NULL, NULL, NULL, NULL),
	(29024, 1, 3, '2024-08-16', '5', '20:45:00', NULL, NULL, NULL, NULL, NULL),
	(29025, 1, 3, '2024-08-16', '5', '21:00:00', NULL, NULL, NULL, NULL, NULL),
	(29026, 1, 3, '2024-08-17', '6', '08:00:00', NULL, NULL, NULL, NULL, NULL),
	(29027, 1, 3, '2024-08-17', '6', '08:20:00', NULL, NULL, NULL, NULL, NULL),
	(29028, 1, 3, '2024-08-17', '6', '08:40:00', NULL, NULL, NULL, NULL, NULL),
	(29029, 1, 3, '2024-08-17', '6', '09:00:00', NULL, NULL, NULL, NULL, NULL),
	(29030, 1, 3, '2024-08-17', '6', '09:20:00', NULL, NULL, NULL, NULL, NULL),
	(29031, 1, 3, '2024-08-17', '6', '09:40:00', NULL, NULL, NULL, NULL, NULL),
	(29032, 1, 3, '2024-08-17', '6', '10:00:00', NULL, NULL, NULL, NULL, NULL),
	(29033, 1, 3, '2024-08-17', '6', '10:20:00', NULL, NULL, NULL, NULL, NULL),
	(29034, 1, 3, '2024-08-17', '6', '10:40:00', NULL, NULL, NULL, NULL, NULL),
	(29035, 1, 3, '2024-08-17', '6', '11:00:00', NULL, NULL, NULL, NULL, NULL),
	(29036, 1, 3, '2024-08-19', '1', '09:00:00', NULL, NULL, NULL, NULL, NULL),
	(29037, 1, 3, '2024-08-19', '1', '09:30:00', NULL, NULL, NULL, NULL, NULL),
	(29038, 1, 3, '2024-08-19', '1', '10:00:00', NULL, NULL, NULL, NULL, NULL),
	(29039, 1, 3, '2024-08-19', '1', '10:30:00', NULL, NULL, NULL, NULL, NULL),
	(29040, 1, 3, '2024-08-19', '1', '11:00:00', NULL, NULL, NULL, NULL, NULL),
	(29041, 1, 3, '2024-08-23', '5', '08:00:00', NULL, NULL, NULL, NULL, NULL),
	(29042, 1, 3, '2024-08-23', '5', '08:30:00', NULL, NULL, NULL, NULL, NULL),
	(29043, 1, 3, '2024-08-23', '5', '09:00:00', NULL, NULL, NULL, NULL, NULL),
	(29044, 1, 3, '2024-08-23', '5', '09:30:00', NULL, NULL, NULL, NULL, NULL),
	(29045, 1, 3, '2024-08-23', '5', '10:00:00', NULL, NULL, NULL, NULL, NULL),
	(29046, 1, 3, '2024-08-23', '5', '10:30:00', NULL, NULL, NULL, NULL, NULL),
	(29047, 1, 3, '2024-08-23', '5', '11:00:00', NULL, NULL, NULL, NULL, NULL),
	(29048, 1, 3, '2024-08-23', '5', '11:30:00', NULL, NULL, NULL, NULL, NULL),
	(29049, 1, 3, '2024-08-23', '5', '12:00:00', NULL, NULL, NULL, NULL, NULL),
	(29050, 1, 3, '2024-08-23', '5', '13:00:00', NULL, NULL, NULL, NULL, NULL),
	(29051, 1, 3, '2024-08-23', '5', '13:30:00', NULL, NULL, NULL, NULL, NULL),
	(29052, 1, 3, '2024-08-23', '5', '14:00:00', NULL, NULL, NULL, NULL, NULL),
	(29053, 1, 3, '2024-08-23', '5', '14:30:00', NULL, NULL, NULL, NULL, NULL),
	(29054, 1, 3, '2024-08-23', '5', '15:00:00', NULL, NULL, NULL, NULL, NULL),
	(29055, 1, 3, '2024-08-23', '5', '15:30:00', NULL, NULL, NULL, NULL, NULL),
	(29056, 1, 3, '2024-08-23', '5', '16:00:00', NULL, NULL, NULL, NULL, NULL),
	(29057, 1, 3, '2024-08-23', '5', '16:30:00', NULL, NULL, NULL, NULL, NULL),
	(29058, 1, 3, '2024-08-23', '5', '17:00:00', NULL, NULL, NULL, NULL, NULL),
	(29059, 1, 3, '2024-08-23', '5', '19:00:00', NULL, NULL, NULL, NULL, NULL),
	(29060, 1, 3, '2024-08-23', '5', '19:15:00', NULL, NULL, NULL, NULL, NULL),
	(29061, 1, 3, '2024-08-23', '5', '19:30:00', NULL, NULL, NULL, NULL, NULL),
	(29062, 1, 3, '2024-08-23', '5', '19:45:00', NULL, NULL, NULL, NULL, NULL),
	(29063, 1, 3, '2024-08-23', '5', '20:00:00', NULL, NULL, NULL, NULL, NULL),
	(29064, 1, 3, '2024-08-23', '5', '20:15:00', NULL, NULL, NULL, NULL, NULL),
	(29065, 1, 3, '2024-08-23', '5', '20:30:00', NULL, NULL, NULL, NULL, NULL),
	(29066, 1, 3, '2024-08-23', '5', '20:45:00', NULL, NULL, NULL, NULL, NULL),
	(29067, 1, 3, '2024-08-23', '5', '21:00:00', NULL, NULL, NULL, NULL, NULL),
	(29068, 1, 3, '2024-08-24', '6', '08:00:00', NULL, NULL, NULL, NULL, NULL),
	(29069, 1, 3, '2024-08-24', '6', '08:20:00', NULL, NULL, NULL, NULL, NULL),
	(29070, 1, 3, '2024-08-24', '6', '08:40:00', NULL, NULL, NULL, NULL, NULL),
	(29071, 1, 3, '2024-08-24', '6', '09:00:00', NULL, NULL, NULL, NULL, NULL),
	(29072, 1, 3, '2024-08-24', '6', '09:20:00', NULL, NULL, NULL, NULL, NULL),
	(29073, 1, 3, '2024-08-24', '6', '09:40:00', NULL, NULL, NULL, NULL, NULL),
	(29074, 1, 3, '2024-08-24', '6', '10:00:00', NULL, NULL, NULL, NULL, NULL),
	(29075, 1, 3, '2024-08-24', '6', '10:20:00', NULL, NULL, NULL, NULL, NULL),
	(29076, 1, 3, '2024-08-24', '6', '10:40:00', NULL, NULL, NULL, NULL, NULL),
	(29077, 1, 3, '2024-08-24', '6', '11:00:00', NULL, NULL, NULL, NULL, NULL),
	(29078, 1, 3, '2024-08-26', '1', '09:00:00', NULL, NULL, NULL, NULL, NULL),
	(29079, 1, 3, '2024-08-26', '1', '09:30:00', NULL, NULL, NULL, NULL, NULL),
	(29080, 1, 3, '2024-08-26', '1', '10:00:00', NULL, NULL, NULL, NULL, NULL),
	(29081, 1, 3, '2024-08-26', '1', '10:30:00', NULL, NULL, NULL, NULL, NULL),
	(29082, 1, 3, '2024-08-26', '1', '11:00:00', NULL, NULL, NULL, NULL, NULL),
	(29083, 1, 3, '2024-08-30', '5', '08:00:00', NULL, NULL, NULL, NULL, NULL),
	(29084, 1, 3, '2024-08-30', '5', '08:30:00', NULL, NULL, NULL, NULL, NULL),
	(29085, 1, 3, '2024-08-30', '5', '09:00:00', NULL, NULL, NULL, NULL, NULL),
	(29086, 1, 3, '2024-08-30', '5', '09:30:00', NULL, NULL, NULL, NULL, NULL),
	(29087, 1, 3, '2024-08-30', '5', '10:00:00', NULL, NULL, NULL, NULL, NULL),
	(29088, 1, 3, '2024-08-30', '5', '10:30:00', NULL, NULL, NULL, NULL, NULL),
	(29089, 1, 3, '2024-08-30', '5', '11:00:00', NULL, NULL, NULL, NULL, NULL),
	(29090, 1, 3, '2024-08-30', '5', '11:30:00', NULL, NULL, NULL, NULL, NULL),
	(29091, 1, 3, '2024-08-30', '5', '12:00:00', NULL, NULL, NULL, NULL, NULL),
	(29092, 1, 3, '2024-08-30', '5', '13:00:00', NULL, NULL, NULL, NULL, NULL),
	(29093, 1, 3, '2024-08-30', '5', '13:30:00', NULL, NULL, NULL, NULL, NULL),
	(29094, 1, 3, '2024-08-30', '5', '14:00:00', NULL, NULL, NULL, NULL, NULL),
	(29095, 1, 3, '2024-08-30', '5', '14:30:00', NULL, NULL, NULL, NULL, NULL),
	(29096, 1, 3, '2024-08-30', '5', '15:00:00', NULL, NULL, NULL, NULL, NULL),
	(29097, 1, 3, '2024-08-30', '5', '15:30:00', NULL, NULL, NULL, NULL, NULL),
	(29098, 1, 3, '2024-08-30', '5', '16:00:00', NULL, NULL, NULL, NULL, NULL),
	(29099, 1, 3, '2024-08-30', '5', '16:30:00', NULL, NULL, NULL, NULL, NULL),
	(29100, 1, 3, '2024-08-30', '5', '17:00:00', NULL, NULL, NULL, NULL, NULL),
	(29101, 1, 3, '2024-08-30', '5', '19:00:00', NULL, NULL, NULL, NULL, NULL),
	(29102, 1, 3, '2024-08-30', '5', '19:15:00', NULL, NULL, NULL, NULL, NULL),
	(29103, 1, 3, '2024-08-30', '5', '19:30:00', NULL, NULL, NULL, NULL, NULL),
	(29104, 1, 3, '2024-08-30', '5', '19:45:00', NULL, NULL, NULL, NULL, NULL),
	(29105, 1, 3, '2024-08-30', '5', '20:00:00', NULL, NULL, NULL, NULL, NULL),
	(29106, 1, 3, '2024-08-30', '5', '20:15:00', NULL, NULL, NULL, NULL, NULL),
	(29107, 1, 3, '2024-08-30', '5', '20:30:00', NULL, NULL, NULL, NULL, NULL),
	(29108, 1, 3, '2024-08-30', '5', '20:45:00', NULL, NULL, NULL, NULL, NULL),
	(29109, 1, 3, '2024-08-30', '5', '21:00:00', NULL, NULL, NULL, NULL, NULL),
	(29110, 1, 3, '2024-08-31', '6', '08:00:00', NULL, NULL, NULL, NULL, NULL),
	(29111, 1, 3, '2024-08-31', '6', '08:20:00', NULL, NULL, NULL, NULL, NULL),
	(29112, 1, 3, '2024-08-31', '6', '08:40:00', NULL, NULL, NULL, NULL, NULL),
	(29113, 1, 3, '2024-08-31', '6', '09:00:00', NULL, NULL, NULL, NULL, NULL),
	(29114, 1, 3, '2024-08-31', '6', '09:20:00', NULL, NULL, NULL, NULL, NULL),
	(29115, 1, 3, '2024-08-31', '6', '09:40:00', NULL, NULL, NULL, NULL, NULL),
	(29116, 1, 3, '2024-08-31', '6', '10:00:00', NULL, NULL, NULL, NULL, NULL),
	(29117, 1, 3, '2024-08-31', '6', '10:20:00', NULL, NULL, NULL, NULL, NULL),
	(29118, 1, 3, '2024-08-31', '6', '10:40:00', NULL, NULL, NULL, NULL, NULL),
	(29119, 1, 3, '2024-08-31', '6', '11:00:00', NULL, NULL, NULL, NULL, NULL),
	(29120, 1, 3, '2025-07-21', '1', '09:00:00', NULL, NULL, NULL, NULL, NULL),
	(29121, 1, 3, '2025-07-21', '1', '09:30:00', NULL, NULL, NULL, NULL, NULL),
	(29122, 1, 3, '2025-07-21', '1', '10:00:00', NULL, NULL, NULL, NULL, NULL),
	(29123, 1, 3, '2025-07-21', '1', '10:30:00', NULL, NULL, NULL, NULL, NULL),
	(29124, 1, 3, '2025-07-21', '1', '11:00:00', NULL, NULL, NULL, NULL, NULL),
	(29125, 1, 3, '2025-07-21', '1', '14:00:00', NULL, NULL, NULL, NULL, NULL),
	(29126, 1, 3, '2025-07-21', '1', '14:20:00', NULL, NULL, NULL, NULL, NULL),
	(29127, 1, 3, '2025-07-21', '1', '14:40:00', NULL, NULL, NULL, NULL, NULL),
	(29128, 1, 3, '2025-07-21', '1', '15:00:00', NULL, NULL, NULL, NULL, NULL),
	(29129, 1, 3, '2025-07-21', '1', '15:20:00', NULL, NULL, NULL, NULL, NULL),
	(29130, 1, 3, '2025-07-21', '1', '15:40:00', NULL, NULL, NULL, NULL, NULL),
	(29131, 1, 3, '2025-07-21', '1', '16:00:00', NULL, NULL, NULL, NULL, NULL),
	(29132, 1, 3, '2025-07-21', '1', '16:20:00', NULL, NULL, NULL, NULL, NULL),
	(29133, 1, 3, '2025-07-21', '1', '16:40:00', NULL, NULL, NULL, NULL, NULL),
	(29134, 1, 3, '2025-07-21', '1', '17:00:00', NULL, NULL, NULL, NULL, NULL),
	(29135, 1, 3, '2025-07-21', '1', '17:20:00', NULL, NULL, NULL, NULL, NULL),
	(29136, 1, 3, '2025-07-21', '1', '17:40:00', NULL, NULL, NULL, NULL, NULL),
	(29137, 1, 3, '2025-07-21', '1', '18:00:00', NULL, NULL, NULL, NULL, NULL),
	(29138, 1, 3, '2025-07-22', '2', '08:00:00', NULL, NULL, NULL, NULL, NULL),
	(29139, 1, 3, '2025-07-22', '2', '08:30:00', NULL, NULL, NULL, NULL, NULL),
	(29140, 1, 3, '2025-07-22', '2', '09:00:00', NULL, NULL, NULL, NULL, NULL),
	(29141, 1, 3, '2025-07-22', '2', '09:30:00', NULL, NULL, NULL, NULL, NULL),
	(29142, 1, 3, '2025-07-22', '2', '10:00:00', NULL, NULL, NULL, NULL, NULL),
	(29143, 1, 3, '2025-07-22', '2', '10:30:00', NULL, NULL, NULL, NULL, NULL),
	(29144, 1, 3, '2025-07-22', '2', '11:00:00', NULL, NULL, NULL, NULL, NULL),
	(29145, 1, 3, '2025-07-22', '2', '11:30:00', NULL, NULL, NULL, NULL, NULL),
	(29146, 1, 3, '2025-07-22', '2', '12:00:00', NULL, NULL, NULL, NULL, NULL),
	(29147, 1, 3, '2025-07-22', '2', '13:00:00', NULL, NULL, NULL, NULL, NULL),
	(29148, 1, 3, '2025-07-22', '2', '13:15:00', NULL, NULL, NULL, NULL, NULL),
	(29149, 1, 3, '2025-07-22', '2', '13:30:00', NULL, NULL, NULL, NULL, NULL),
	(29150, 1, 3, '2025-07-22', '2', '13:45:00', NULL, NULL, NULL, NULL, NULL),
	(29151, 1, 3, '2025-07-22', '2', '14:00:00', NULL, NULL, NULL, NULL, NULL),
	(29152, 1, 3, '2025-07-22', '2', '14:15:00', NULL, NULL, NULL, NULL, NULL),
	(29153, 1, 3, '2025-07-22', '2', '14:30:00', NULL, NULL, NULL, NULL, NULL),
	(29154, 1, 3, '2025-07-22', '2', '14:45:00', NULL, NULL, NULL, NULL, NULL),
	(29155, 1, 3, '2025-07-22', '2', '15:00:00', NULL, NULL, NULL, NULL, NULL),
	(29156, 1, 3, '2025-07-22', '2', '15:15:00', NULL, NULL, NULL, NULL, NULL),
	(29157, 1, 3, '2025-07-22', '2', '15:30:00', NULL, NULL, NULL, NULL, NULL),
	(29158, 1, 3, '2025-07-22', '2', '15:45:00', NULL, NULL, NULL, NULL, NULL),
	(29159, 1, 3, '2025-07-22', '2', '16:00:00', NULL, NULL, NULL, NULL, NULL),
	(29160, 1, 3, '2025-07-22', '2', '16:15:00', NULL, NULL, NULL, NULL, NULL),
	(29161, 1, 3, '2025-07-22', '2', '16:30:00', NULL, NULL, NULL, NULL, NULL),
	(29162, 1, 3, '2025-07-22', '2', '16:45:00', NULL, NULL, NULL, NULL, NULL),
	(29163, 1, 3, '2025-07-22', '2', '17:00:00', NULL, NULL, NULL, NULL, NULL),
	(29164, 1, 3, '2025-07-22', '2', '17:15:00', NULL, NULL, NULL, NULL, NULL),
	(29165, 1, 3, '2025-07-22', '2', '17:30:00', NULL, NULL, NULL, NULL, NULL),
	(29166, 1, 3, '2025-07-22', '2', '17:45:00', NULL, NULL, NULL, NULL, NULL),
	(29167, 1, 3, '2025-07-22', '2', '18:00:00', NULL, NULL, NULL, NULL, NULL),
	(29168, 1, 3, '2025-07-23', '3', '07:00:00', NULL, NULL, NULL, NULL, NULL),
	(29169, 1, 3, '2025-07-23', '3', '07:15:00', NULL, NULL, NULL, NULL, NULL),
	(29170, 1, 3, '2025-07-23', '3', '07:30:00', NULL, NULL, NULL, NULL, NULL),
	(29171, 1, 3, '2025-07-23', '3', '07:45:00', NULL, NULL, NULL, NULL, NULL),
	(29172, 1, 3, '2025-07-23', '3', '08:00:00', NULL, NULL, NULL, NULL, NULL),
	(29173, 1, 3, '2025-07-23', '3', '08:15:00', NULL, NULL, NULL, NULL, NULL),
	(29174, 1, 3, '2025-07-23', '3', '08:30:00', NULL, NULL, NULL, NULL, NULL),
	(29175, 1, 3, '2025-07-23', '3', '08:45:00', NULL, NULL, NULL, NULL, NULL),
	(29176, 1, 3, '2025-07-23', '3', '09:00:00', NULL, NULL, NULL, NULL, NULL),
	(29177, 1, 3, '2025-07-23', '3', '09:15:00', NULL, NULL, NULL, NULL, NULL),
	(29178, 1, 3, '2025-07-23', '3', '09:30:00', NULL, NULL, NULL, NULL, NULL),
	(29179, 1, 3, '2025-07-23', '3', '09:45:00', NULL, NULL, NULL, NULL, NULL),
	(29180, 1, 3, '2025-07-23', '3', '10:00:00', NULL, NULL, NULL, NULL, NULL),
	(29181, 1, 3, '2025-07-23', '3', '10:15:00', NULL, NULL, NULL, NULL, NULL),
	(29182, 1, 3, '2025-07-23', '3', '10:30:00', NULL, NULL, NULL, NULL, NULL),
	(29183, 1, 3, '2025-07-23', '3', '10:45:00', NULL, NULL, NULL, NULL, NULL),
	(29184, 1, 3, '2025-07-23', '3', '11:00:00', NULL, NULL, NULL, NULL, NULL),
	(29185, 1, 3, '2025-07-23', '3', '12:00:00', NULL, NULL, NULL, NULL, NULL),
	(29186, 1, 3, '2025-07-23', '3', '12:30:00', NULL, NULL, NULL, NULL, NULL),
	(29187, 1, 3, '2025-07-23', '3', '13:00:00', NULL, NULL, NULL, NULL, NULL),
	(29188, 1, 3, '2025-07-23', '3', '13:30:00', NULL, NULL, NULL, NULL, NULL),
	(29189, 1, 3, '2025-07-23', '3', '14:00:00', NULL, NULL, NULL, NULL, NULL),
	(29190, 1, 3, '2025-07-23', '3', '14:30:00', NULL, NULL, NULL, NULL, NULL),
	(29191, 1, 3, '2025-07-23', '3', '15:00:00', NULL, NULL, NULL, NULL, NULL),
	(29192, 1, 3, '2025-07-23', '3', '15:30:00', NULL, NULL, NULL, NULL, NULL),
	(29193, 1, 3, '2025-07-23', '3', '16:00:00', NULL, NULL, NULL, NULL, NULL),
	(29194, 1, 3, '2025-07-23', '3', '16:30:00', NULL, NULL, NULL, NULL, NULL),
	(29195, 1, 3, '2025-07-23', '3', '17:00:00', NULL, NULL, NULL, NULL, NULL),
	(29196, 1, 3, '2025-07-24', '4', '07:00:00', NULL, NULL, NULL, NULL, NULL),
	(29197, 1, 3, '2025-07-24', '4', '07:30:00', NULL, NULL, NULL, NULL, NULL),
	(29198, 1, 3, '2025-07-24', '4', '08:00:00', '', '', '', '', ''),
	(29199, 1, 3, '2025-07-24', '4', '08:30:00', '', '', '', '', ''),
	(29200, 1, 3, '2025-07-24', '4', '09:00:00', NULL, NULL, NULL, NULL, NULL),
	(29201, 1, 3, '2025-07-24', '4', '09:30:00', NULL, NULL, NULL, NULL, NULL),
	(29202, 1, 3, '2025-07-24', '4', '10:00:00', NULL, NULL, NULL, NULL, NULL),
	(29203, 1, 3, '2025-07-24', '4', '10:30:00', NULL, NULL, NULL, NULL, NULL),
	(29204, 1, 3, '2025-07-24', '4', '11:00:00', NULL, NULL, NULL, NULL, NULL),
	(29205, 1, 3, '2025-07-24', '4', '11:30:00', NULL, NULL, NULL, NULL, NULL),
	(29206, 1, 4, '2025-07-24', '4', '12:00:00', 'teste', '(52) 34533-4534', 'teste@gmail.com', NULL, 'fasdf'),
	(29207, 1, 3, '2025-07-24', '4', '13:00:00', NULL, NULL, NULL, NULL, NULL),
	(29208, 1, 3, '2025-07-24', '4', '13:30:00', NULL, NULL, NULL, NULL, NULL),
	(29209, 1, 3, '2025-07-24', '4', '14:00:00', NULL, NULL, NULL, NULL, NULL),
	(29210, 1, 3, '2025-07-24', '4', '14:30:00', NULL, NULL, NULL, NULL, NULL),
	(29211, 1, 3, '2025-07-24', '4', '15:00:00', NULL, NULL, NULL, NULL, NULL),
	(29212, 1, 3, '2025-07-24', '4', '15:30:00', NULL, NULL, NULL, NULL, NULL),
	(29213, 1, 3, '2025-07-24', '4', '16:00:00', NULL, NULL, NULL, NULL, NULL),
	(29214, 1, 3, '2025-07-24', '4', '16:30:00', NULL, NULL, NULL, NULL, NULL),
	(29215, 1, 3, '2025-07-24', '4', '17:00:00', NULL, NULL, NULL, NULL, NULL),
	(29216, 1, 3, '2025-07-25', '5', '08:00:00', NULL, NULL, NULL, NULL, NULL),
	(29217, 1, 3, '2025-07-25', '5', '08:30:00', NULL, NULL, NULL, NULL, NULL),
	(29218, 1, 3, '2025-07-25', '5', '09:00:00', NULL, NULL, NULL, NULL, NULL),
	(29219, 1, 3, '2025-07-25', '5', '09:30:00', NULL, NULL, NULL, NULL, NULL),
	(29220, 1, 3, '2025-07-25', '5', '10:00:00', NULL, NULL, NULL, NULL, NULL),
	(29221, 1, 3, '2025-07-25', '5', '10:30:00', NULL, NULL, NULL, NULL, NULL),
	(29222, 1, 3, '2025-07-25', '5', '11:00:00', NULL, NULL, NULL, NULL, NULL),
	(29223, 1, 3, '2025-07-25', '5', '11:30:00', NULL, NULL, NULL, NULL, NULL),
	(29224, 1, 3, '2025-07-25', '5', '12:00:00', NULL, NULL, NULL, NULL, NULL),
	(29225, 1, 3, '2025-07-25', '5', '13:00:00', NULL, NULL, NULL, NULL, NULL),
	(29226, 1, 3, '2025-07-25', '5', '13:30:00', NULL, NULL, NULL, NULL, NULL),
	(29227, 1, 3, '2025-07-25', '5', '14:00:00', NULL, NULL, NULL, NULL, NULL),
	(29228, 1, 3, '2025-07-25', '5', '14:30:00', NULL, NULL, NULL, NULL, NULL),
	(29229, 1, 3, '2025-07-25', '5', '15:00:00', NULL, NULL, NULL, NULL, NULL),
	(29230, 1, 3, '2025-07-25', '5', '15:30:00', NULL, NULL, NULL, NULL, NULL),
	(29231, 1, 3, '2025-07-25', '5', '16:00:00', NULL, NULL, NULL, NULL, NULL),
	(29232, 1, 3, '2025-07-25', '5', '16:30:00', NULL, NULL, NULL, NULL, NULL),
	(29233, 1, 3, '2025-07-25', '5', '17:00:00', NULL, NULL, NULL, NULL, NULL),
	(29234, 1, 3, '2025-07-25', '5', '19:00:00', NULL, NULL, NULL, NULL, NULL),
	(29235, 1, 3, '2025-07-25', '5', '19:15:00', NULL, NULL, NULL, NULL, NULL),
	(29236, 1, 3, '2025-07-25', '5', '19:30:00', NULL, NULL, NULL, NULL, NULL),
	(29237, 1, 3, '2025-07-25', '5', '19:45:00', NULL, NULL, NULL, NULL, NULL),
	(29238, 1, 3, '2025-07-25', '5', '20:00:00', NULL, NULL, NULL, NULL, NULL),
	(29239, 1, 3, '2025-07-25', '5', '20:15:00', NULL, NULL, NULL, NULL, NULL),
	(29240, 1, 3, '2025-07-25', '5', '20:30:00', NULL, NULL, NULL, NULL, NULL),
	(29241, 1, 3, '2025-07-25', '5', '20:45:00', NULL, NULL, NULL, NULL, NULL),
	(29242, 1, 3, '2025-07-25', '5', '21:00:00', NULL, NULL, NULL, NULL, NULL),
	(29243, 4, 3, '2025-07-30', '3', '08:00:00', '', '', '', '', ''),
	(29244, 4, 3, '2025-07-30', '3', '08:30:00', '', '', '', '', ''),
	(29245, 4, 3, '2025-07-30', '3', '09:00:00', '', '', '', '', ''),
	(29246, 4, 3, '2025-07-30', '3', '09:30:00', '', '', '', '', ''),
	(29247, 4, 2, '2025-07-30', '3', '10:00:00', 'Glaison Queiroz', '(52) 34533-4534', 'teste@gmail.com', NULL, '747474'),
	(29248, 4, 3, '2025-07-30', '3', '10:30:00', NULL, NULL, NULL, NULL, NULL),
	(29249, 4, 2, '2025-07-30', '3', '11:00:00', 'Glaison Queiroz', '(31) 5687-7777', '', '', ''),
	(29250, 1, 3, '2025-07-31', '4', '07:00:00', '', '', '', '', ''),
	(29251, 1, 3, '2025-07-31', '4', '07:30:00', NULL, NULL, NULL, NULL, NULL),
	(29252, 1, 3, '2025-07-31', '4', '08:00:00', NULL, NULL, NULL, NULL, NULL),
	(29253, 1, 3, '2025-07-31', '4', '08:30:00', '', '', '', '', ''),
	(29254, 1, 4, '2025-07-31', '4', '09:00:00', 'Glaison Queiroz', '(52) 34533-4534', 'teste@gmail.com', NULL, '747474'),
	(29255, 1, 3, '2025-07-31', '4', '09:30:00', NULL, NULL, NULL, NULL, NULL),
	(29256, 1, 3, '2025-07-31', '4', '10:00:00', NULL, NULL, NULL, NULL, NULL),
	(29257, 1, 3, '2025-07-31', '4', '10:30:00', NULL, NULL, NULL, NULL, NULL),
	(29258, 1, 3, '2025-07-31', '4', '11:00:00', NULL, NULL, NULL, NULL, NULL),
	(29259, 1, 3, '2025-07-31', '4', '11:30:00', NULL, NULL, NULL, NULL, NULL),
	(29260, 1, 3, '2025-07-31', '4', '12:00:00', NULL, NULL, NULL, NULL, NULL),
	(29261, 1, 3, '2025-07-31', '4', '13:00:00', NULL, NULL, NULL, NULL, NULL),
	(29262, 1, 3, '2025-07-31', '4', '13:30:00', NULL, NULL, NULL, NULL, NULL),
	(29263, 1, 3, '2025-07-31', '4', '14:00:00', NULL, NULL, NULL, NULL, NULL),
	(29264, 1, 3, '2025-07-31', '4', '14:30:00', NULL, NULL, NULL, NULL, NULL),
	(29265, 1, 3, '2025-07-31', '4', '15:00:00', NULL, NULL, NULL, NULL, NULL),
	(29266, 1, 3, '2025-07-31', '4', '15:30:00', NULL, NULL, NULL, NULL, NULL),
	(29267, 1, 3, '2025-07-31', '4', '16:00:00', NULL, NULL, NULL, NULL, NULL),
	(29268, 1, 3, '2025-07-31', '4', '16:30:00', NULL, NULL, NULL, NULL, NULL),
	(29269, 1, 3, '2025-07-31', '4', '17:00:00', NULL, NULL, NULL, NULL, NULL);

-- Copiando estrutura para tabela smed.agendaconfig
CREATE TABLE IF NOT EXISTS `agendaconfig` (
  `id` int NOT NULL AUTO_INCREMENT,
  `id_profissional` int NOT NULL,
  `dia` int NOT NULL,
  `inicio1` time DEFAULT NULL,
  `fim1` time DEFAULT NULL,
  `duracao1` int DEFAULT NULL,
  `inicio2` time DEFAULT NULL,
  `fim2` time DEFAULT NULL,
  `duracao2` int DEFAULT NULL,
  `inicio3` time DEFAULT NULL,
  `fim3` time DEFAULT NULL,
  `duracao3` int DEFAULT NULL,
  `Habilitado` char(100) CHARACTER SET utf8mb4 COLLATE utf8mb4_0900_ai_ci DEFAULT NULL,
  PRIMARY KEY (`id`),
  KEY `FK_agendaconfig_profissionais` (`id_profissional`),
  CONSTRAINT `FK_agendaconfig_profissionais` FOREIGN KEY (`id_profissional`) REFERENCES `profissionais` (`id`)
) ENGINE=InnoDB AUTO_INCREMENT=42 DEFAULT CHARSET=utf8mb4 COLLATE=utf8mb4_0900_ai_ci;

-- Copiando dados para a tabela smed.agendaconfig: ~21 rows (aproximadamente)
INSERT INTO `agendaconfig` (`id`, `id_profissional`, `dia`, `inicio1`, `fim1`, `duracao1`, `inicio2`, `fim2`, `duracao2`, `inicio3`, `fim3`, `duracao3`, `Habilitado`) VALUES
	(21, 1, 1, '09:00:00', '11:00:00', 30, '14:00:00', '18:00:00', 20, '00:00:00', '00:00:00', 0, NULL),
	(22, 1, 2, '08:00:00', '12:00:00', 30, '13:00:00', '18:00:00', 15, '00:00:00', '00:00:00', 0, NULL),
	(23, 1, 3, '07:00:00', '11:00:00', 15, '12:00:00', '17:00:00', 30, '00:00:00', '00:00:00', 0, NULL),
	(24, 1, 4, '07:00:00', '12:00:00', 30, '13:00:00', '17:00:00', 30, '00:00:00', '00:00:00', 0, NULL),
	(25, 1, 5, '08:00:00', '12:00:00', 30, '13:00:00', '17:00:00', 30, '19:00:00', '21:00:00', 15, NULL),
	(26, 1, 6, '00:00:00', '00:00:00', 0, '00:00:00', '00:00:00', 0, '00:00:00', '00:00:00', 0, NULL),
	(27, 1, 7, '00:00:00', '00:00:00', 0, '00:00:00', '00:00:00', 0, '00:00:00', '00:00:00', 0, NULL),
	(28, 2, 1, '00:00:00', '00:00:00', 0, '00:00:00', '00:00:00', 0, '00:00:00', '00:00:00', 0, NULL),
	(29, 2, 2, '00:00:00', '00:00:00', 0, '00:00:00', '00:00:00', 0, '00:00:00', '00:00:00', 0, NULL),
	(30, 2, 3, '08:00:00', '10:00:00', 30, '00:00:00', '00:00:00', 0, '00:00:00', '00:00:00', 0, NULL),
	(31, 2, 4, '00:00:00', '00:00:00', 0, '00:00:00', '00:00:00', 0, '00:00:00', '00:00:00', 0, NULL),
	(32, 2, 5, '00:00:00', '00:00:00', 0, '00:00:00', '00:00:00', 0, '00:00:00', '00:00:00', 0, NULL),
	(33, 2, 6, '00:00:00', '00:00:00', 0, '00:00:00', '00:00:00', 0, '00:00:00', '00:00:00', 0, NULL),
	(34, 2, 7, '00:00:00', '00:00:00', 0, '00:00:00', '00:00:00', 0, '00:00:00', '00:00:00', 0, NULL),
	(35, 4, 1, '07:00:00', '15:00:00', 30, '15:30:00', '18:00:00', 30, '00:00:00', '00:00:00', 0, NULL),
	(36, 4, 2, '08:00:00', '12:00:00', 30, '13:00:00', '17:00:00', 20, '00:00:00', '00:00:00', 0, NULL),
	(37, 4, 3, '08:00:00', '11:00:00', 30, '00:00:00', '00:00:00', 0, '00:00:00', '00:00:00', 0, NULL),
	(38, 4, 4, '07:00:00', '10:00:00', 30, '14:00:00', '18:00:00', 30, '00:00:00', '00:00:00', 0, NULL),
	(39, 4, 5, '08:00:00', '11:00:00', 15, '00:00:00', '00:00:00', 0, '00:00:00', '00:00:00', 0, NULL),
	(40, 4, 6, '07:00:00', '08:00:00', 15, '13:00:00', '18:00:00', 30, '00:00:00', '00:00:00', 0, NULL),
	(41, 4, 7, '07:00:00', '11:00:00', 30, '00:00:00', '00:00:00', 0, '00:00:00', '00:00:00', 0, NULL);

-- Copiando estrutura para tabela smed.atestados
CREATE TABLE IF NOT EXISTS `atestados` (
  `id` int NOT NULL AUTO_INCREMENT,
  `descricao` varchar(150) NOT NULL,
  `texto` blob NOT NULL,
  PRIMARY KEY (`id`)
) ENGINE=InnoDB AUTO_INCREMENT=11 DEFAULT CHARSET=utf8mb4 COLLATE=utf8mb4_0900_ai_ci;

-- Copiando dados para a tabela smed.atestados: ~3 rows (aproximadamente)
INSERT INTO `atestados` (`id`, `descricao`, `texto`) VALUES
	(2, 'Dieta para diabetes', _binary 0x436f6d6572206d656e6f732061c3a7756361720a),
	(8, 'RDPP', _binary 0x746573746520646520746573746f207061726120524450500a),
	(10, 'AREOLAR', _binary 0x746578746f204152454f4c41520a);

-- Copiando estrutura para tabela smed.atributos_parametros_eventos
CREATE TABLE IF NOT EXISTS `atributos_parametros_eventos` (
  `id` int NOT NULL AUTO_INCREMENT,
  `id_parametro` int NOT NULL,
  `descricao` varchar(150) NOT NULL,
  `formato` varchar(12) CHARACTER SET utf8mb4 COLLATE utf8mb4_0900_ai_ci DEFAULT NULL,
  PRIMARY KEY (`id`),
  KEY `FK_atributos_parametros_eventos_parametros_eventos` (`id_parametro`),
  CONSTRAINT `FK_atributos_parametros_eventos_parametros_eventos` FOREIGN KEY (`id_parametro`) REFERENCES `parametros_eventos` (`id`)
) ENGINE=InnoDB AUTO_INCREMENT=7 DEFAULT CHARSET=utf8mb4 COLLATE=utf8mb4_0900_ai_ci;

-- Copiando dados para a tabela smed.atributos_parametros_eventos: ~4 rows (aproximadamente)
INSERT INTO `atributos_parametros_eventos` (`id`, `id_parametro`, `descricao`, `formato`) VALUES
	(1, 1, 'Atributo 1', '999'),
	(2, 1, 'atributo 2', '99.99'),
	(3, 1, 'atributo 3', '99'),
	(6, 2, 'atributo 33', '999.99');

-- Copiando estrutura para tabela smed.bateria
CREATE TABLE IF NOT EXISTS `bateria` (
  `id` int NOT NULL AUTO_INCREMENT,
  `descricao` varchar(200) NOT NULL DEFAULT '',
  `exames` blob,
  PRIMARY KEY (`id`)
) ENGINE=InnoDB AUTO_INCREMENT=4 DEFAULT CHARSET=utf8mb4 COLLATE=utf8mb4_0900_ai_ci;

-- Copiando dados para a tabela smed.bateria: ~2 rows (aproximadamente)
INSERT INTO `bateria` (`id`, `descricao`, `exames`) VALUES
	(1, 'PADRÃO', _binary 0x312e20416e7465636564656e74657320436972c3ba726769636f733a0d0a0d0a0d0a0d0a322e20416e7465636564656e74657320436cc3ad6e69636f733a0d0a0d0a0d0a0d0a332e20456e6665726d696461646520417475616c203a0d0a0d0a0d0a342e204d6564696361c3a7c3a36f20656d2055736f3a0d0a0d0a0d0a352e20486970657273656e736962696c6964616465204d65646963616d656e746f7361203a0d0a0d0a0d0a362e2048c3a16269746f730d0a0d0a0d0a372e204578616d652046c3ad7369636f203a0d0a0d0a0d0a502e413a20202020202020202020202020202020202020462e433a202020202020202020202020202020205065736f3a0d0a0d0a0d0a382e204578616d657320436f6d706c656d656e7461726573203a0d0a0d0a0d0a392e20436f6e636c7573c3a36f203a0d0a0d0a),
	(2, 'Exame de Rotina', _binary 0x0d0a312e2050616369656e746520656d20626f6d2065737461646f20676572616c2c2073617564c3a176656c0d0a322e20525455204445205052c39353544154410d0a);

-- Copiando estrutura para tabela smed.componentes
CREATE TABLE IF NOT EXISTS `componentes` (
  `id` int NOT NULL AUTO_INCREMENT,
  `id_grupo_componente` int NOT NULL DEFAULT '0',
  `descricao` varchar(100) NOT NULL,
  `unidade` varchar(5) CHARACTER SET utf8mb4 COLLATE utf8mb4_0900_ai_ci NOT NULL,
  PRIMARY KEY (`id`),
  KEY `FK_componentes_grupo_componentes` (`id_grupo_componente`),
  CONSTRAINT `FK_componentes_grupo_componentes` FOREIGN KEY (`id_grupo_componente`) REFERENCES `grupo_componentes` (`id`)
) ENGINE=InnoDB AUTO_INCREMENT=24 DEFAULT CHARSET=utf8mb4 COLLATE=utf8mb4_0900_ai_ci;

-- Copiando dados para a tabela smed.componentes: ~4 rows (aproximadamente)
INSERT INTO `componentes` (`id`, `id_grupo_componente`, `descricao`, `unidade`) VALUES
	(19, 1, 'Fenoratica', 'un'),
	(20, 1, 'Ácido bórico', 'un'),
	(21, 2, 'Amônia', 'un'),
	(22, 3, 'Fosfato', 'un');

-- Copiando estrutura para tabela smed.config
CREATE TABLE IF NOT EXISTS `config` (
  `id` int NOT NULL,
  `nome_clinica` varchar(200) DEFAULT NULL,
  `endereco_clinica` varchar(200) DEFAULT NULL,
  `telefone_clinica` varchar(25) DEFAULT NULL,
  `email_clinica` varchar(120) DEFAULT NULL,
  `cidade_clinica` varchar(150) DEFAULT NULL,
  `cnpj_clinica` varchar(18) DEFAULT NULL,
  PRIMARY KEY (`id`)
) ENGINE=InnoDB DEFAULT CHARSET=utf8mb4 COLLATE=utf8mb4_0900_ai_ci;

-- Copiando dados para a tabela smed.config: ~0 rows (aproximadamente)

-- Copiando estrutura para tabela smed.convenios
CREATE TABLE IF NOT EXISTS `convenios` (
  `id` int NOT NULL AUTO_INCREMENT,
  `id_tabela` int DEFAULT NULL,
  `nome` varchar(150) CHARACTER SET utf8mb4 COLLATE utf8mb4_0900_ai_ci NOT NULL,
  `razaosocial` varchar(150) CHARACTER SET utf8mb4 COLLATE utf8mb4_0900_ai_ci NOT NULL,
  `cnpj` varchar(18) CHARACTER SET utf8mb4 COLLATE utf8mb4_0900_ai_ci NOT NULL,
  `inscestad` varchar(15) CHARACTER SET utf8mb4 COLLATE utf8mb4_0900_ai_ci DEFAULT NULL,
  `inscmunicipal` varchar(14) CHARACTER SET utf8mb4 COLLATE utf8mb4_0900_ai_ci DEFAULT NULL,
>>>>>>> 25f0990995b67c1159aa121082e9b79f2095f5f0
  `endereco` varchar(120) CHARACTER SET utf8mb4 COLLATE utf8mb4_0900_ai_ci DEFAULT NULL,
  `bairro` varchar(120) CHARACTER SET utf8mb4 COLLATE utf8mb4_0900_ai_ci DEFAULT NULL,
  `cidade` varchar(120) CHARACTER SET utf8mb4 COLLATE utf8mb4_0900_ai_ci DEFAULT NULL,
  `cep` varchar(10) CHARACTER SET utf8mb4 COLLATE utf8mb4_0900_ai_ci DEFAULT NULL,
  `fone1` varchar(20) CHARACTER SET utf8mb4 COLLATE utf8mb4_0900_ai_ci DEFAULT NULL,
  `fone2` varchar(20) CHARACTER SET utf8mb4 COLLATE utf8mb4_0900_ai_ci DEFAULT NULL,
<<<<<<< HEAD
  `email` varchar(120) CHARACTER SET utf8mb4 COLLATE utf8mb4_0900_ai_ci DEFAULT NULL,
  `responsavel` varchar(100) NOT NULL,
  `rateio` float DEFAULT '0',
  PRIMARY KEY (`id`)
) ENGINE=InnoDB AUTO_INCREMENT=5 DEFAULT CHARSET=utf8mb4 COLLATE=utf8mb4_0900_ai_ci;

-- Copiando dados para a tabela gop.centrodecusto: ~2 rows (aproximadamente)
INSERT INTO `centrodecusto` (`id`, `descricao`, `codigo`, `id_espacofisico`, `endereco`, `bairro`, `cidade`, `cep`, `fone1`, `fone2`, `email`, `responsavel`, `rateio`) VALUES
	(1, 'Meio Ambiente', NULL, 4, '', '', '', '', '(31)4442-3423', '(31)4423-4234', '', 'Prefeitura', 0),
	(2, 'Almoxarifado Saúde', NULL, 1, '', '', '', '', '(31)3323-4124', '(31)1223-4123', '', 'Prefeitura', 0),
	(3, 'Estacionamento de Ambulancia', NULL, 2, '', '', '', '', '(31)3434-1344', '(31)3242-1342', '', 'Manoel', 0);
=======
  `email` varchar(150) CHARACTER SET utf8mb4 COLLATE utf8mb4_0900_ai_ci NOT NULL,
  `url` varchar(255) CHARACTER SET utf8mb4 COLLATE utf8mb4_0900_ai_ci DEFAULT NULL,
  `diaenvio` char(2) DEFAULT NULL,
  `diapagamento` char(2) DEFAULT NULL,
  `percentch` varchar(3) DEFAULT NULL,
  `contato` varchar(100) DEFAULT NULL,
  `obs` blob,
  PRIMARY KEY (`id`),
  KEY `FK_convenios_tabela` (`id_tabela`),
  CONSTRAINT `FK_convenios_tabela` FOREIGN KEY (`id_tabela`) REFERENCES `tabela` (`id`)
) ENGINE=InnoDB AUTO_INCREMENT=5 DEFAULT CHARSET=utf8mb4 COLLATE=utf8mb4_0900_ai_ci;

-- Copiando dados para a tabela smed.convenios: ~4 rows (aproximadamente)
INSERT INTO `convenios` (`id`, `id_tabela`, `nome`, `razaosocial`, `cnpj`, `inscestad`, `inscmunicipal`, `endereco`, `bairro`, `cidade`, `cep`, `uf`, `fone1`, `fone2`, `email`, `url`, `diaenvio`, `diapagamento`, `percentch`, `contato`, `obs`) VALUES
	(1, 2, 'Unimed', 'Unimed SA', '75515874000180', '411432', '41234123', 'teste', 'tste', 'Belo Horizonte', '34505480', 'MG', '(31) 589-6369', '(31) 6958-5544', 'unimed@unimed.com.br', 'teste', '', '', '100', 'Joelson', _binary ''),
	(2, 1, 'Casu', 'Casu SA', '00172442000115', '', '', '', '', '', '', 'AC', '(48) 2759-4679', '(31) 6995-5555', 'suporte@sabara.mg.gov.br', '', '', '', '', 'Glaison', _binary ''),
	(3, 2, 'Selecionar', 'Selecionar', '99999999', NULL, NULL, NULL, NULL, NULL, NULL, NULL, '99999', NULL, 'teste', NULL, NULL, NULL, NULL, NULL, NULL),
	(4, 2, 'Particular', 'Particular', '62616951000147', '', '', '', '', '', '', 'AC', '(99) 9999-9999', '', 'glaison26.queiroz@gmail.com', '', '', '', '', 'Particular', _binary '');

-- Copiando estrutura para tabela smed.datas_suprimidas
CREATE TABLE IF NOT EXISTS `datas_suprimidas` (
  `id` int NOT NULL AUTO_INCREMENT,
  `data_inicio` date NOT NULL,
  `data_fim` date NOT NULL,
  `motivo` varchar(120) NOT NULL,
  PRIMARY KEY (`id`)
) ENGINE=InnoDB AUTO_INCREMENT=5 DEFAULT CHARSET=utf8mb4 COLLATE=utf8mb4_0900_ai_ci;

-- Copiando dados para a tabela smed.datas_suprimidas: ~3 rows (aproximadamente)
INSERT INTO `datas_suprimidas` (`id`, `data_inicio`, `data_fim`, `motivo`) VALUES
	(1, '2024-12-23', '2024-12-31', 'Férias de Fim de Ano'),
	(2, '2024-10-01', '2024-10-04', 'Seminário de Dermatologia'),
	(4, '2024-08-01', '2024-08-01', 'Seminário médico');
>>>>>>> 25f0990995b67c1159aa121082e9b79f2095f5f0

-- Copiando estrutura para tabela gop.checklist
CREATE TABLE IF NOT EXISTS `checklist` (
  `id` int NOT NULL AUTO_INCREMENT,
  `descricao` varchar(150) NOT NULL DEFAULT '0',
  `descritivo` blob,
  PRIMARY KEY (`id`)
) ENGINE=InnoDB AUTO_INCREMENT=3 DEFAULT CHARSET=utf8mb4 COLLATE=utf8mb4_0900_ai_ci;

<<<<<<< HEAD
-- Copiando dados para a tabela gop.checklist: ~0 rows (aproximadamente)
INSERT INTO `checklist` (`id`, `descricao`, `descritivo`) VALUES
	(1, 'Instalação de Memória SSD', _binary 0x2d2043686176652064652046656e64610d0a2d2050656e20447269766520636f6d2053697374656d61204f7065726163696f6e616c0d0a2d20446973636f2065787465726e6f2070617261206261636b7570),
	(2, 'Instalação de Ponto de Rede', _binary 0x312043686176652064652066656e64610d0a32205465737461646f72206465204361626f);
=======
-- Copiando dados para a tabela smed.grupos_formulas: ~3 rows (aproximadamente)
INSERT INTO `grupos_formulas` (`id`, `descricao`) VALUES
	(1, 'formula tipo 1'),
	(2, 'formula tipo 2'),
	(3, 'Grupo3');
>>>>>>> 25f0990995b67c1159aa121082e9b79f2095f5f0

-- Copiando estrutura para tabela gop.enderecos
CREATE TABLE IF NOT EXISTS `enderecos` (
  `id` int NOT NULL AUTO_INCREMENT,
  `logradouro` varchar(220) CHARACTER SET utf8mb4 COLLATE utf8mb4_unicode_ci NOT NULL,
  `numero` varchar(40) CHARACTER SET utf8mb4 COLLATE utf8mb4_unicode_ci NOT NULL,
  `usuario_id` int NOT NULL,
  PRIMARY KEY (`id`)
) ENGINE=InnoDB AUTO_INCREMENT=16 DEFAULT CHARSET=utf8mb4 COLLATE=utf8mb4_unicode_ci;

-- Copiando dados para a tabela gop.enderecos: ~15 rows (aproximadamente)
INSERT INTO `enderecos` (`id`, `logradouro`, `numero`, `usuario_id`) VALUES
	(1, 'Avenida Winston Churchill', '936', 1),
	(2, 'Avenida Winston Churchill', '936', 2),
	(3, 'Avenida Winston Churchill', '936', 3),
	(4, 'Avenida Winston Churchill', '936', 4),
	(5, 'Avenida Winston Churchill', '936', 5),
	(6, 'Avenida Winston Churchill', '936', 6),
	(7, 'Avenida Winston Churchill', '936', 7),
	(8, 'Avenida Winston Churchill', '936', 8),
	(9, 'Avenida Winston Churchill', '936', 9),
	(10, 'Avenida Winston Churchill', '936', 10),
	(11, 'Avenida Winston Churchill', '936', 11),
	(12, 'Avenida Winston Churchill', '936', 12),
	(13, 'Avenida Winston Churchill', '936', 13),
	(14, 'Avenida Winston Churchill', '936', 14),
	(15, 'Avenida Winston Churchill', '936', 15);

-- Copiando estrutura para tabela gop.espacos
CREATE TABLE IF NOT EXISTS `espacos` (
  `id` int NOT NULL AUTO_INCREMENT,
  `descricao` varchar(120) CHARACTER SET utf8mb4 COLLATE utf8mb4_0900_ai_ci NOT NULL,
  `tipo` varchar(30) CHARACTER SET utf8mb4 COLLATE utf8mb4_0900_ai_ci NOT NULL,
  `medida` varchar(30) CHARACTER SET utf8mb4 COLLATE utf8mb4_0900_ai_ci NOT NULL,
  `endereco` varchar(120) CHARACTER SET utf8mb4 COLLATE utf8mb4_0900_ai_ci NOT NULL,
  `bairro` varchar(100) CHARACTER SET utf8mb4 COLLATE utf8mb4_0900_ai_ci NOT NULL,
  `cidade` varchar(100) CHARACTER SET utf8mb4 COLLATE utf8mb4_0900_ai_ci NOT NULL,
  `cep` varchar(10) CHARACTER SET utf8mb4 COLLATE utf8mb4_0900_ai_ci NOT NULL,
  `responsavel` varchar(100) CHARACTER SET utf8mb4 COLLATE utf8mb4_0900_ai_ci NOT NULL,
  `email` varchar(120) CHARACTER SET utf8mb4 COLLATE utf8mb4_0900_ai_ci NOT NULL,
  `fone1` varchar(20) CHARACTER SET utf8mb4 COLLATE utf8mb4_0900_ai_ci NOT NULL,
  `fone2` varchar(20) CHARACTER SET utf8mb4 COLLATE utf8mb4_0900_ai_ci NOT NULL,
  PRIMARY KEY (`id`)
) ENGINE=InnoDB AUTO_INCREMENT=5 DEFAULT CHARSET=utf8mb4 COLLATE=utf8mb4_0900_ai_ci;

-- Copiando dados para a tabela gop.espacos: ~2 rows (aproximadamente)
INSERT INTO `espacos` (`id`, `descricao`, `tipo`, `medida`, `endereco`, `bairro`, `cidade`, `cep`, `responsavel`, `email`, `fone1`, `fone2`) VALUES
	(1, 'Meio Ambiente', 'Instalação', '30', 'Rua da Itendencia 316', 'Centro', 'Sabará', '34505480', 'Prefeitura', 'teste@gmail.com', '', ''),
	(2, 'Prédio Saúde', 'Edificação', '0', '0', '0', '0', '0', 'Prefeitura', '0', '(31)9855-5555', '(31)5555-8888');

-- Copiando estrutura para tabela gop.executores
CREATE TABLE IF NOT EXISTS `executores` (
  `id` int NOT NULL AUTO_INCREMENT,
  `id_oficina` int DEFAULT NULL,
  `id_funcao` int DEFAULT NULL,
  `nome` varchar(120) CHARACTER SET utf8mb4 COLLATE utf8mb4_0900_ai_ci DEFAULT NULL,
  `endereco` varchar(120) CHARACTER SET utf8mb4 COLLATE utf8mb4_0900_ai_ci DEFAULT NULL,
  `bairro` varchar(100) CHARACTER SET utf8mb4 COLLATE utf8mb4_0900_ai_ci DEFAULT NULL,
  `cep` varchar(10) CHARACTER SET utf8mb4 COLLATE utf8mb4_0900_ai_ci DEFAULT NULL,
  `cidade` varchar(90) CHARACTER SET utf8mb4 COLLATE utf8mb4_0900_ai_ci DEFAULT NULL,
  `uf` char(30) CHARACTER SET utf8mb4 COLLATE utf8mb4_0900_ai_ci DEFAULT NULL,
  `contato` varchar(100) CHARACTER SET utf8mb4 COLLATE utf8mb4_0900_ai_ci DEFAULT NULL,
  `tipo` char(1) CHARACTER SET utf8mb4 COLLATE utf8mb4_0900_ai_ci DEFAULT '',
  `cpf_cnpj` varchar(18) CHARACTER SET utf8mb4 COLLATE utf8mb4_0900_ai_ci DEFAULT NULL,
  `email` varchar(120) CHARACTER SET utf8mb4 COLLATE utf8mb4_0900_ai_ci DEFAULT NULL,
  `url` varchar(120) CHARACTER SET utf8mb4 COLLATE utf8mb4_0900_ai_ci DEFAULT NULL,
  `fone1` varchar(20) DEFAULT NULL,
  `fone2` varchar(20) DEFAULT NULL,
  `fone3` varchar(20) DEFAULT NULL,
  `salario` double DEFAULT NULL,
  `horastrab` int DEFAULT NULL,
  `valorhora` double DEFAULT '0',
  `escolaridade` varchar(50) DEFAULT '0.00',
  `formacao` varchar(90) DEFAULT NULL,
  `obs` blob,
  PRIMARY KEY (`id`),
  KEY `FK_executores_oficinas` (`id_oficina`),
  KEY `FK_executores_funcoes` (`id_funcao`),
  CONSTRAINT `FK_executores_funcoes` FOREIGN KEY (`id_funcao`) REFERENCES `funcoes` (`id`),
  CONSTRAINT `FK_executores_oficinas` FOREIGN KEY (`id_oficina`) REFERENCES `oficinas` (`id`)
) ENGINE=InnoDB AUTO_INCREMENT=7 DEFAULT CHARSET=utf8mb4 COLLATE=utf8mb4_0900_ai_ci;

-- Copiando dados para a tabela gop.executores: ~2 rows (aproximadamente)
INSERT INTO `executores` (`id`, `id_oficina`, `id_funcao`, `nome`, `endereco`, `bairro`, `cep`, `cidade`, `uf`, `contato`, `tipo`, `cpf_cnpj`, `email`, `url`, `fone1`, `fone2`, `fone3`, `salario`, `horastrab`, `valorhora`, `escolaridade`, `formacao`, `obs`) VALUES
	(5, 1, 2, 'Glaison Queiroz', 'Rua da Itendencia 316', 'Centro', '34.505-480', 'Sabará', 'AC', 'Shay lin', 'F', '695.510.226-53', 'suporte@sabara.mg.gov.br', '', '(31)3672-7688', '', '', 0, 0, 0, 'Primário', '', _binary 0x7465737465),
	(6, 1, 2, 'Maria da Silva', 'Rua da Itendencia 316', 'Centro', '34.505-480', 'Sabará', 'MG', 'Antonio Dias', 'F', '695.510.226-53', 'suporte@sabara.mg.gov.br', '', '', '', '', 0, 0, 0, 'Primário', '', _binary '');

-- Copiando estrutura para tabela gop.fabricantes
CREATE TABLE IF NOT EXISTS `fabricantes` (
  `id` int NOT NULL AUTO_INCREMENT,
  `descricao` varchar(120) DEFAULT NULL,
  `razaosocial` varchar(120) DEFAULT NULL,
  `tipo` varchar(20) DEFAULT NULL,
  `cep` varchar(11) NOT NULL,
  `endereco` varchar(120) NOT NULL,
  `bairro` varchar(120) NOT NULL,
  `cidade` varchar(120) NOT NULL,
  `estado` varchar(2) NOT NULL,
  `cnpj_cpf` varchar(18) DEFAULT NULL,
  `insc_estad` varchar(16) NOT NULL,
  `insc_munic` varchar(16) NOT NULL,
  `fone1` varchar(20) NOT NULL,
  `fone2` varchar(20) NOT NULL,
  `contato` varchar(100) DEFAULT NULL,
  `email` varchar(120) NOT NULL,
  `url` varchar(120) NOT NULL,
  `obs` blob NOT NULL,
  PRIMARY KEY (`id`)
) ENGINE=InnoDB AUTO_INCREMENT=5 DEFAULT CHARSET=utf8mb4 COLLATE=utf8mb4_0900_ai_ci;

-- Copiando dados para a tabela gop.fabricantes: ~2 rows (aproximadamente)
INSERT INTO `fabricantes` (`id`, `descricao`, `razaosocial`, `tipo`, `cep`, `endereco`, `bairro`, `cidade`, `estado`, `cnpj_cpf`, `insc_estad`, `insc_munic`, `fone1`, `fone2`, `contato`, `email`, `url`, `obs`) VALUES
	(2, 'Epson', 'Epson Ltda', 'Juridica', '', '', '', '', 'MG', '01.846.742/0001-03', '', '', '(23)4143-2412', '(31)5555-8888', 'Shay lin', '', '', _binary 0x7465737465),
	(3, 'Samsung', 'Samsung do Brasil', 'Juridica', '', '', '', '', 'SP', '01.846.742/0001-03', '', '', '(11)4654-6546', '(11)4565-8789', 'Antonio Dias', '', '', _binary '');

-- Copiando estrutura para tabela gop.ferramentas
CREATE TABLE IF NOT EXISTS `ferramentas` (
  `id` int NOT NULL AUTO_INCREMENT,
  `descricao` varchar(120) NOT NULL,
<<<<<<< HEAD
  `patrimonio` varchar(15) DEFAULT NULL,
  `serie` varchar(15) DEFAULT NULL,
  `id_fabricante` int DEFAULT NULL,
  `id_fornecedor` int DEFAULT NULL,
  `notafiscal` varchar(15) DEFAULT NULL,
  `data_aquisicao` date DEFAULT NULL,
  `valor_aquisicao` float DEFAULT '0',
  `data_garantia` date DEFAULT NULL,
  `id_marca` int DEFAULT NULL,
  `id_oficina` int DEFAULT NULL,
  `conservacao` varchar(15) DEFAULT NULL,
  `obs` blob,
  PRIMARY KEY (`id`),
  KEY `FK_ferramentas_fabricantes` (`id_fabricante`),
  KEY `FK_ferramentas_fornecedores` (`id_fornecedor`),
  KEY `FK_ferramentas_marcas` (`id_marca`),
  KEY `FK_ferramentas_oficinas` (`id_oficina`),
  CONSTRAINT `FK_ferramentas_fabricantes` FOREIGN KEY (`id_fabricante`) REFERENCES `fabricantes` (`id`),
  CONSTRAINT `FK_ferramentas_fornecedores` FOREIGN KEY (`id_fornecedor`) REFERENCES `fornecedores` (`id`),
  CONSTRAINT `FK_ferramentas_marcas` FOREIGN KEY (`id_marca`) REFERENCES `marcas` (`id`),
  CONSTRAINT `FK_ferramentas_oficinas` FOREIGN KEY (`id_oficina`) REFERENCES `oficinas` (`id`)
) ENGINE=InnoDB AUTO_INCREMENT=14 DEFAULT CHARSET=utf8mb4 COLLATE=utf8mb4_0900_ai_ci;

-- Copiando dados para a tabela gop.ferramentas: ~3 rows (aproximadamente)
INSERT INTO `ferramentas` (`id`, `descricao`, `patrimonio`, `serie`, `id_fabricante`, `id_fornecedor`, `notafiscal`, `data_aquisicao`, `valor_aquisicao`, `data_garantia`, `id_marca`, `id_oficina`, `conservacao`, `obs`) VALUES
	(1, 'Martelo', '3434', '3434', 2, 1, '3423', '2023-01-18', 0, '2023-01-18', 8, 3, 'Bom', _binary 0x7465737465),
	(5, 'Serra de Madeira', '9000', '452345', 3, 2, '', '2023-01-21', 0, '2023-01-21', 6, 1, 'Ótimo', _binary ''),
	(6, 'Multimetro', '312222', '2334445', 3, 1, '93993', '2023-01-20', 900, '2024-01-20', 6, 2, 'Ótimo', _binary 0x7465737465);

-- Copiando estrutura para tabela gop.fornecedores
CREATE TABLE IF NOT EXISTS `fornecedores` (
  `id` int NOT NULL AUTO_INCREMENT,
  `id_grupo` int NOT NULL DEFAULT '0',
  `descricao` varchar(120) NOT NULL DEFAULT '0',
  `razaosocial` varchar(120) NOT NULL DEFAULT '0',
  `cnpj_cpf` varchar(18) NOT NULL DEFAULT '0',
  `insc_estad` varchar(16) DEFAULT '0',
  `insc_munic` varchar(16) DEFAULT '0',
  `tipo` varchar(20) NOT NULL DEFAULT '0',
  `endereco` varchar(100) DEFAULT '0',
  `bairro` varchar(100) DEFAULT '0',
  `cep` varchar(11) DEFAULT '0',
  `cidade` varchar(100) DEFAULT '0',
  `estado` varchar(2) DEFAULT '0',
  `fone1` varchar(20) DEFAULT '0',
  `fone2` varchar(20) DEFAULT '0',
  `email` varchar(120) DEFAULT '0',
  `site` varchar(120) DEFAULT '0',
  `contato` varchar(100) DEFAULT '0',
  `obs` blob,
  PRIMARY KEY (`id`),
  KEY `FK__grupos` (`id_grupo`),
  CONSTRAINT `FK__grupos` FOREIGN KEY (`id_grupo`) REFERENCES `grupos` (`id`)
) ENGINE=InnoDB AUTO_INCREMENT=3 DEFAULT CHARSET=utf8mb4 COLLATE=utf8mb4_0900_ai_ci;

-- Copiando dados para a tabela gop.fornecedores: ~2 rows (aproximadamente)
INSERT INTO `fornecedores` (`id`, `id_grupo`, `descricao`, `razaosocial`, `cnpj_cpf`, `insc_estad`, `insc_munic`, `tipo`, `endereco`, `bairro`, `cep`, `cidade`, `estado`, `fone1`, `fone2`, `email`, `site`, `contato`, `obs`) VALUES
	(1, 3, 'Simpress', 'Simpress do Brasil Ltda', '01.846.742/0001-03', '', '', 'Juridica', '', '', '', '', 'MG', '(31)3334-4444', '(31)2444-4444', '', '', 'Antonio Dias da Silva', _binary ''),
	(2, 1, 'Glaison Queiroz', 'Método Informática SA', '22.998.344/0001-99', '', '', 'Juridica', 'Rua da Intendência', '', '34505-480', 'Sabará', 'MG', '(31)3454-3333', '(31)2453-3332', 'glaison26.queiroz@gmail.com', '', 'Guilherme', _binary 0x7465737465);

-- Copiando estrutura para tabela gop.funcoes
CREATE TABLE IF NOT EXISTS `funcoes` (
  `id` int NOT NULL AUTO_INCREMENT,
  `descricao` varchar(120) NOT NULL,
  `ValorHora` double DEFAULT '0',
  PRIMARY KEY (`id`)
) ENGINE=InnoDB AUTO_INCREMENT=7 DEFAULT CHARSET=utf8mb4 COLLATE=utf8mb4_0900_ai_ci;

-- Copiando dados para a tabela gop.funcoes: ~5 rows (aproximadamente)
INSERT INTO `funcoes` (`id`, `descricao`, `ValorHora`) VALUES
	(1, 'Técnico em Manutenção', 150),
	(2, 'Coordenador de Sistemas', 16.4),
	(4, 'Programador', 0),
	(5, 'Analista de Sistemas', 200),
	(6, 'Eletricista', 200);
=======
  PRIMARY KEY (`id`)
) ENGINE=InnoDB AUTO_INCREMENT=4 DEFAULT CHARSET=utf8mb4 COLLATE=utf8mb4_0900_ai_ci;

-- Copiando dados para a tabela smed.grupos_medicamentos: ~2 rows (aproximadamente)
INSERT INTO `grupos_medicamentos` (`id`, `descricao`) VALUES
	(1, 'Analgésicos'),
	(2, 'Medicamentos Dermatológicos');

-- Copiando estrutura para tabela smed.grupo_componentes
CREATE TABLE IF NOT EXISTS `grupo_componentes` (
  `id` int NOT NULL AUTO_INCREMENT,
  `descricao` varchar(150) CHARACTER SET utf8mb4 COLLATE utf8mb4_0900_ai_ci DEFAULT NULL,
  KEY `id` (`id`)
) ENGINE=InnoDB AUTO_INCREMENT=5 DEFAULT CHARSET=utf8mb4 COLLATE=utf8mb4_0900_ai_ci;

-- Copiando dados para a tabela smed.grupo_componentes: ~6 rows (aproximadamente)
INSERT INTO `grupo_componentes` (`id`, `descricao`) VALUES
	(1, 'Exames Acidos'),
	(2, 'Exames de sangue'),
	(3, 'Exames de Feses'),
	(1, 'Exames Acidos'),
	(2, 'Exames de sangue'),
	(3, 'Exames de Feses');

-- Copiando estrutura para tabela smed.historia
CREATE TABLE IF NOT EXISTS `historia` (
  `id` int NOT NULL AUTO_INCREMENT,
  `id_paciente` int DEFAULT NULL,
  `historia` blob,
  `data` date DEFAULT NULL,
  PRIMARY KEY (`id`),
  KEY `FK_historia_pacientes` (`id_paciente`),
  CONSTRAINT `FK_historia_pacientes` FOREIGN KEY (`id_paciente`) REFERENCES `pacientes` (`id`)
) ENGINE=InnoDB AUTO_INCREMENT=8 DEFAULT CHARSET=utf8mb4 COLLATE=utf8mb4_0900_ai_ci;

-- Copiando dados para a tabela smed.historia: ~3 rows (aproximadamente)
INSERT INTO `historia` (`id`, `id_paciente`, `historia`, `data`) VALUES
	(1, 1, _binary 0x0d0a0d0a30382f30382f323032340d0a4f7269656e7461c3a7c3a36f204dc3a96469636120456d697469646f0d0a436f72726572203130206b6d0d0a50756c617220436f7264610d0a436f7274617220616c696d656e746f7320476f726475726f736f73, NULL),
	(2, 3, _binary 0x0d0a0d0a30332f30382f323032340d0a417465737461646f204dc3a96469636f20456d697469646f0d0a746578746f204152454f4c41520d0a0d0a30332f30382f323032340d0a417465737461646f204dc3a96469636f20456d697469646f0d0a746578746f204152454f4c41520d0a0d0a30332f30382f323032340d0a417465737461646f204dc3a96469636f20456d697469646f0d0a436f6d6572206d656e6f732061c3a775636172, NULL),
	(6, 4, _binary 0x436f6d6572206d656e6f732061c3a7756361720d0a0d0a0d0a30352f30382f323032340d0a50726573637269c3a7c3a36f206465204d65646963616d656e746f20456d697469646f0d0a504f564944494e452e2e2e2e0d0a50534f5245582e2e2e2e0d0a54594c454e4f4c2e2e2e2e0d0a564954414e4f4c2d412e2e2e2e0d0a0d0a0d0a0d0a, NULL),
	(7, 5, _binary 0x417465737461646f204dc3a96469636f20456d697469646f0d0a0d0a74657374650d0a0d0a0d0a33312f30372f323032350d0a417465737461646f204dc3a96469636f20456d697469646f0d0a746573746520646520746573746f207061726120524450500d0a, NULL);
>>>>>>> 25f0990995b67c1159aa121082e9b79f2095f5f0

-- Copiando estrutura para tabela gop.grupos
CREATE TABLE IF NOT EXISTS `grupos` (
  `id` int NOT NULL AUTO_INCREMENT,
  `descricao` varchar(120) DEFAULT NULL,
  PRIMARY KEY (`id`)
) ENGINE=InnoDB AUTO_INCREMENT=10 DEFAULT CHARSET=utf8mb4 COLLATE=utf8mb4_0900_ai_ci;

<<<<<<< HEAD
-- Copiando dados para a tabela gop.grupos: ~6 rows (aproximadamente)
INSERT INTO `grupos` (`id`, `descricao`) VALUES
	(1, 'Computadores Desktop'),
	(2, 'NoteBooks'),
	(3, 'Impressoras'),
	(4, 'Equipamento de rede'),
	(5, 'Analista de Sistemas'),
	(7, 'Câmeras de Vigilancia'),
	(9, 'Equipamentos Médicos');
=======
-- Copiando dados para a tabela smed.indices: ~7 rows (aproximadamente)
INSERT INTO `indices` (`id`, `descricao`, `valor`) VALUES
	(1, 'Real', 1),
	(21, 'Dollar', 5.5),
	(22, 'UTR', 30),
	(30, '1', 1),
	(31, '2', 2),
	(32, '3', 3),
	(33, '5', 5);
>>>>>>> 25f0990995b67c1159aa121082e9b79f2095f5f0

-- Copiando estrutura para tabela gop.marcas
CREATE TABLE IF NOT EXISTS `marcas` (
  `id` int NOT NULL AUTO_INCREMENT,
  `descricao` varchar(120) NOT NULL DEFAULT '0',
  PRIMARY KEY (`id`)
) ENGINE=InnoDB AUTO_INCREMENT=99 DEFAULT CHARSET=utf8mb4 COLLATE=utf8mb4_0900_ai_ci;

-- Copiando dados para a tabela gop.marcas: ~9 rows (aproximadamente)
INSERT INTO `marcas` (`id`, `descricao`) VALUES
	(1, 'Dell'),
	(2, 'samsung'),
	(3, 'HP'),
	(4, 'Le Novo'),
	(5, 'Positivo'),
	(6, 'Acer'),
	(8, 'Epson'),
	(16, 'Intelbras'),
	(18, 'General Eletric'),
	(98, 'EngelBras');

-- Copiando estrutura para tabela gop.materiais
CREATE TABLE IF NOT EXISTS `materiais` (
  `id` int NOT NULL AUTO_INCREMENT,
  `descricao` varchar(150) NOT NULL,
  `id_grupo` int NOT NULL,
  `id_marca` int NOT NULL,
  `custo` double NOT NULL DEFAULT '0',
  `qtdmin` double NOT NULL DEFAULT '0',
  `qtdmax` double NOT NULL DEFAULT '0',
  `id_unidadeEntrada` int NOT NULL DEFAULT '0',
  `id_unidadeSaida` int NOT NULL DEFAULT '0',
  `fator` double NOT NULL DEFAULT '0',
  `ultimasaida` date NOT NULL,
  `ultimaentrada` date NOT NULL,
  `data_validade` date NOT NULL,
  `quantidadeatual` double NOT NULL DEFAULT '0',
  `obs` blob NOT NULL,
  PRIMARY KEY (`id`),
  KEY `FK_materiais_grupos` (`id_grupo`),
  KEY `FK_materiais_marcas` (`id_marca`),
  KEY `FK_materiais_unidades` (`id_unidadeEntrada`),
  KEY `FK_materiais_unidades_2` (`id_unidadeSaida`),
  CONSTRAINT `FK_materiais_grupos` FOREIGN KEY (`id_grupo`) REFERENCES `grupos` (`id`),
  CONSTRAINT `FK_materiais_marcas` FOREIGN KEY (`id_marca`) REFERENCES `marcas` (`id`),
  CONSTRAINT `FK_materiais_unidades` FOREIGN KEY (`id_unidadeEntrada`) REFERENCES `unidades` (`id`),
  CONSTRAINT `FK_materiais_unidades_2` FOREIGN KEY (`id_unidadeSaida`) REFERENCES `unidades` (`id`)
) ENGINE=InnoDB AUTO_INCREMENT=4 DEFAULT CHARSET=utf8mb4 COLLATE=utf8mb4_0900_ai_ci;

-- Copiando dados para a tabela gop.materiais: ~2 rows (aproximadamente)
INSERT INTO `materiais` (`id`, `descricao`, `id_grupo`, `id_marca`, `custo`, `qtdmin`, `qtdmax`, `id_unidadeEntrada`, `id_unidadeSaida`, `fator`, `ultimasaida`, `ultimaentrada`, `data_validade`, `quantidadeatual`, `obs`) VALUES
	(2, 'Parafusos Sextavados', 5, 6, 12.85, 0, 0, 2, 2, 1, '2023-01-26', '2023-01-26', '2023-01-26', 50, _binary 0x20),
	(3, 'Cabos de rede', 4, 4, 4.5, 0, 0, 1, 1, 1, '2023-01-26', '2023-01-26', '2023-01-26', 12, _binary 0x746573746520);

-- Copiando estrutura para tabela gop.ocorrencias
CREATE TABLE IF NOT EXISTS `ocorrencias` (
  `id` int NOT NULL AUTO_INCREMENT,
  `descricao` varchar(150) DEFAULT NULL,
  PRIMARY KEY (`id`)
) ENGINE=InnoDB AUTO_INCREMENT=6 DEFAULT CHARSET=utf8mb4 COLLATE=utf8mb4_0900_ai_ci;

-- Copiando dados para a tabela gop.ocorrencias: ~3 rows (aproximadamente)
INSERT INTO `ocorrencias` (`id`, `descricao`) VALUES
	(1, 'Falta de Material'),
	(2, 'Atraso de Projetos'),
	(3, 'Manutenção Elétrica'),
	(5, 'Falta de energia elétrica');

-- Copiando estrutura para tabela gop.oficinas
CREATE TABLE IF NOT EXISTS `oficinas` (
  `id` int NOT NULL AUTO_INCREMENT,
  `descricao` varchar(120) NOT NULL DEFAULT '0',
  PRIMARY KEY (`id`)
) ENGINE=InnoDB AUTO_INCREMENT=9 DEFAULT CHARSET=utf8mb4 COLLATE=utf8mb4_0900_ai_ci;

-- Copiando dados para a tabela gop.oficinas: ~5 rows (aproximadamente)
INSERT INTO `oficinas` (`id`, `descricao`) VALUES
	(1, 'Elétrica'),
	(2, 'Eletrônica'),
	(3, 'Informática'),
	(6, 'Marcenaria 1'),
	(7, 'Alvenaria'),
	(8, 'Equipamentos Médicos');

-- Copiando estrutura para tabela gop.pops
CREATE TABLE IF NOT EXISTS `pops` (
  `id` int NOT NULL AUTO_INCREMENT,
  `id_recurso` int DEFAULT NULL,
  `id_espaco` int DEFAULT NULL,
  `id_oficina` int NOT NULL,
  `tipo` char(1) NOT NULL,
  `descricao` varchar(120) NOT NULL,
  `revisado` varchar(120) CHARACTER SET utf8mb4 COLLATE utf8mb4_0900_ai_ci DEFAULT NULL,
  `preparado` varchar(120) CHARACTER SET utf8mb4 COLLATE utf8mb4_0900_ai_ci DEFAULT NULL,
  `resultadoesperado` blob,
  `materialnecessario` blob,
  `descritivo` blob,
  `atividadecritica` blob,
  `cuidados` blob,
  `anc` blob,
  `data` date DEFAULT NULL,
  `dataemissao` date DEFAULT NULL,
  `processo` blob,
  `objetivo` blob,
  `risco` blob,
  `refbibliografica` blob,
  PRIMARY KEY (`id`),
  KEY `FK_pops_recursos` (`id_recurso`),
  KEY `FK_pops_espacos` (`id_espaco`),
  KEY `FK_pops_oficinas` (`id_oficina`),
  CONSTRAINT `FK_pops_espacos` FOREIGN KEY (`id_espaco`) REFERENCES `espacos` (`id`),
  CONSTRAINT `FK_pops_oficinas` FOREIGN KEY (`id_oficina`) REFERENCES `oficinas` (`id`),
  CONSTRAINT `FK_pops_recursos` FOREIGN KEY (`id_recurso`) REFERENCES `recursos` (`id`)
) ENGINE=InnoDB AUTO_INCREMENT=4 DEFAULT CHARSET=utf8mb4 COLLATE=utf8mb4_0900_ai_ci;

-- Copiando dados para a tabela gop.pops: ~0 rows (aproximadamente)
INSERT INTO `pops` (`id`, `id_recurso`, `id_espaco`, `id_oficina`, `tipo`, `descricao`, `revisado`, `preparado`, `resultadoesperado`, `materialnecessario`, `descritivo`, `atividadecritica`, `cuidados`, `anc`, `data`, `dataemissao`, `processo`, `objetivo`, `risco`, `refbibliografica`) VALUES
	(2, 1, 2, 3, '1', 'Instalação Super Nova', 'Marcos', 'Glaison', _binary 0x61636573736f20616f207365727669646f722064612073757065726e6f766120652061636573736f20616f207265737065637469766f73206dc3b364756c6f73, _binary 0x706173746120636f6d206f206172717569766f20646520696e7374616c61c3a7c3a36f20646973706f6ec3ad76656c206e61207061737461207574696c73, _binary 0x496e7374616c61c3a7c3a36f2070617261206f2061636573736f20646f2073697374656d612073757065726e6f7661206e6f20706320636c69656e746520, _binary 0x6e656e68756d61, _binary 0x696e7374616c6172206e6f206c6f67696e20646f20757375c3a172696f20717565206972c3a1207574696c697a6172206f2073697374656d61, _binary 0x5061737361722070617261206f207375706f72746520646520746920646120656d707265736120496e6f7661, '2024-09-04', NULL, _binary 0x2d20636f7069617220612070617374612073757065726e6f766120646973706f6e6976656c206e61207061737461207574696c7320646120726564650d0a2d20496e7374616c61206f2061706c6963617469766f20617070636f6e74726f6c65720d0a2d206372696172206174616c686f206e6120c3a17265612064652074726162616c686f, _binary 0x41636573736f20616f2073697374656d6120646f2073757065726e6f7661, _binary '', _binary 0x6e656e68756d61);

-- Copiando estrutura para tabela gop.recursos
CREATE TABLE IF NOT EXISTS `recursos` (
  `id` int NOT NULL AUTO_INCREMENT,
  `id_espacofisico` int NOT NULL DEFAULT '0',
  `id_fabricante` int NOT NULL DEFAULT '0',
  `id_fornecedor` int NOT NULL DEFAULT '0',
  `id_grupo` int NOT NULL DEFAULT '0',
  `id_centrodecusto` int NOT NULL DEFAULT '0',
  `id_oficina` int NOT NULL DEFAULT '0',
  `id_setor` int NOT NULL DEFAULT '0',
  `id_marca` int NOT NULL DEFAULT '0',
  `descricao` varchar(150) NOT NULL,
  `patrimonio` varchar(20) NOT NULL,
  `modelo` varchar(90) NOT NULL,
  `numeroserie` varchar(20) CHARACTER SET utf8mb4 COLLATE utf8mb4_0900_ai_ci DEFAULT NULL,
  `estado` varchar(20) CHARACTER SET utf8mb4 COLLATE utf8mb4_0900_ai_ci DEFAULT NULL,
  `notafiscal` varchar(20) NOT NULL,
  `datacadastro` date NOT NULL,
  `datagarantia` date NOT NULL,
  `valoraquisicao` double NOT NULL DEFAULT '0',
  `valordepreciado` double DEFAULT '0',
  `ultimapreventiva` date DEFAULT NULL,
  `ultimamanutencao` date DEFAULT NULL,
  `dataaquisicao` date NOT NULL,
  `ativo` varchar(3) CHARACTER SET utf8mb4 COLLATE utf8mb4_0900_ai_ci DEFAULT NULL,
  `motivoinativo` varchar(100) CHARACTER SET utf8mb4 COLLATE utf8mb4_0900_ai_ci DEFAULT NULL,
  `reganvisa` varchar(20) CHARACTER SET utf8mb4 COLLATE utf8mb4_0900_ai_ci DEFAULT NULL,
  `obs` blob,
  PRIMARY KEY (`id`),
<<<<<<< HEAD
  KEY `FK_recursos_espacos` (`id_espacofisico`),
  KEY `FK_recursos_fabricantes` (`id_fabricante`),
  KEY `FK_recursos_fornecedores` (`id_fornecedor`),
  KEY `FK_recursos_grupos` (`id_grupo`),
  KEY `FK_recursos_centrodecusto` (`id_centrodecusto`),
  KEY `FK_recursos_oficinas` (`id_oficina`),
  KEY `FK_recursos_setores` (`id_setor`),
  KEY `FK_recursos_marcas` (`id_marca`),
  CONSTRAINT `FK_recursos_centrodecusto` FOREIGN KEY (`id_centrodecusto`) REFERENCES `centrodecusto` (`id`),
  CONSTRAINT `FK_recursos_espacos` FOREIGN KEY (`id_espacofisico`) REFERENCES `espacos` (`id`),
  CONSTRAINT `FK_recursos_fabricantes` FOREIGN KEY (`id_fabricante`) REFERENCES `fabricantes` (`id`),
  CONSTRAINT `FK_recursos_fornecedores` FOREIGN KEY (`id_fornecedor`) REFERENCES `fornecedores` (`id`),
  CONSTRAINT `FK_recursos_grupos` FOREIGN KEY (`id_grupo`) REFERENCES `grupos` (`id`),
  CONSTRAINT `FK_recursos_marcas` FOREIGN KEY (`id_marca`) REFERENCES `marcas` (`id`),
  CONSTRAINT `FK_recursos_oficinas` FOREIGN KEY (`id_oficina`) REFERENCES `oficinas` (`id`),
  CONSTRAINT `FK_recursos_setores` FOREIGN KEY (`id_setor`) REFERENCES `setores` (`id`)
) ENGINE=InnoDB AUTO_INCREMENT=5 DEFAULT CHARSET=utf8mb4 COLLATE=utf8mb4_0900_ai_ci;

-- Copiando dados para a tabela gop.recursos: ~3 rows (aproximadamente)
INSERT INTO `recursos` (`id`, `id_espacofisico`, `id_fabricante`, `id_fornecedor`, `id_grupo`, `id_centrodecusto`, `id_oficina`, `id_setor`, `id_marca`, `descricao`, `patrimonio`, `modelo`, `numeroserie`, `estado`, `notafiscal`, `datacadastro`, `datagarantia`, `valoraquisicao`, `valordepreciado`, `ultimapreventiva`, `ultimamanutencao`, `dataaquisicao`, `ativo`, `motivoinativo`, `reganvisa`, `obs`) VALUES
	(1, 2, 3, 1, 1, 3, 1, 1, 6, 'computador DeskTop', '1222', 'asdA', '3423234', 'Razoável', '234', '2023-02-08', '2023-02-08', 3000, 23, '2023-02-08', '2023-02-08', '2023-02-08', 'S', 'DDD', '3333', _binary ''),
	(2, 1, 3, 2, 7, 2, 3, 1, 6, 'Servidor Dell 15456', '54654654', 'ALtPLAN', '546546', 'Ótimo', '324444', '2009-02-23', '2023-02-09', 0, 0, '2023-02-09', '2023-02-09', '2023-02-09', 'S', '', '', NULL),
	(3, 1, 2, 2, 7, 2, 1, 1, 6, 'Estabilizador Z3', '84848484', 'ALtPLAN', '546546', 'Ótimo', '412324', '2023-09-02', '2023-02-09', 0, 0, '2023-02-09', '2023-02-09', '2023-02-09', 'S', '', '', NULL);
=======
  KEY `FK_pacientes_convenios` (`id_convenio`),
  KEY `FK_pacientes_profissionais` (`id_profissional`),
  CONSTRAINT `FK_pacientes_convenios` FOREIGN KEY (`id_convenio`) REFERENCES `convenios` (`id`),
  CONSTRAINT `FK_pacientes_profissionais` FOREIGN KEY (`id_profissional`) REFERENCES `profissionais` (`id`)
) ENGINE=InnoDB AUTO_INCREMENT=7 DEFAULT CHARSET=utf8mb4 COLLATE=utf8mb4_0900_ai_ci;

-- Copiando dados para a tabela smed.pacientes: ~4 rows (aproximadamente)
INSERT INTO `pacientes` (`id`, `id_convenio`, `id_profissional`, `nome`, `sexo`, `cor`, `datanasc`, `estadocivil`, `mae`, `pai`, `endereco`, `bairro`, `cidade`, `cep`, `uf`, `email`, `fone`, `fone2`, `profissao`, `indicacao`, `dataprimeira`, `obs`, `classificacao`, `naturalidade`, `procedencia`, `matricula`, `cpf`, `identidade`) VALUES
	(1, 1, 2, 'Glaison Queiroz ', 'M', 'Faio', '1968-10-26', 'Casado', 'Emilia ', 'Valdir Queiroz', 'Ruada Intendência, 316', 'Centro', 'Sabará', '34505480', 'SP', 'glaison26.queiroz@gmail.com', '(31)36722550', '(31)984262508', 'Programador', 'não se aplica', '2024-07-01', _binary 0x7465737465, 'Clinica', 'Brasileiro', 'Sabará', '88845665', '69551022653', 'm4662097'),
	(3, 2, NULL, 'Maria da Graça', 'F', 'Leuco', '1985-11-26', 'Solteiro', '', '', '', '', '', '', 'MG', '', '(31) 6995-5666', '', '', '', '2024-07-03', _binary '', '', '', '', '45646546', '', ''),
	(4, 2, NULL, 'Florentina de Jesus', 'M', 'Leuco', '1940-10-08', 'Solteiro', '', '', '', '', '', '', 'MG', 'flore@gmail.com', '', '', '', '', '2024-07-26', _binary '', '', '', '', '8032566', '69551022653', ''),
	(5, 2, NULL, 'Glaison Queiroz', 'M', 'Leuco', '2025-07-02', 'Solteiro', '', '', '', '', '', '', 'MG', '', '(31) 5687-7777', '', '', '', '2025-07-09', _binary '', '', '', '', '', '69551022653', '');
>>>>>>> 25f0990995b67c1159aa121082e9b79f2095f5f0

-- Copiando estrutura para tabela gop.servico_instalacao
CREATE TABLE IF NOT EXISTS `servico_instalacao` (
  `id` int NOT NULL AUTO_INCREMENT,
  `id_usuario` int NOT NULL,
  `id_espaco` int NOT NULL,
  `id_oficina` int NOT NULL,
  `id_setor` int NOT NULL,
  `id_ordem` int NOT NULL,
  `data_abertura` date NOT NULL,
  `status` char(1) CHARACTER SET utf8mb4 COLLATE utf8mb4_0900_ai_ci NOT NULL,
  `tipo` varchar(50) CHARACTER SET utf8mb4 COLLATE utf8mb4_0900_ai_ci NOT NULL,
  `hora_abertura` time NOT NULL,
  `data_atualizacao` date NOT NULL,
  `hora_atualizacao` time NOT NULL,
  `data_limite` date NOT NULL,
  `descricao` blob NOT NULL,
  PRIMARY KEY (`id`),
  KEY `FK_servico_instalacao_usuarios` (`id_usuario`),
  KEY `FK_servico_instalacao_espacos` (`id_espaco`),
  KEY `FK_servico_instalacao_oficinas` (`id_oficina`),
  KEY `FK_servico_instalacao_setores` (`id_setor`),
  CONSTRAINT `FK_servico_instalacao_espacos` FOREIGN KEY (`id_espaco`) REFERENCES `espacos` (`id`),
  CONSTRAINT `FK_servico_instalacao_oficinas` FOREIGN KEY (`id_oficina`) REFERENCES `oficinas` (`id`),
  CONSTRAINT `FK_servico_instalacao_setores` FOREIGN KEY (`id_setor`) REFERENCES `setores` (`id`),
  CONSTRAINT `FK_servico_instalacao_usuarios` FOREIGN KEY (`id_usuario`) REFERENCES `usuarios` (`id`)
) ENGINE=InnoDB DEFAULT CHARSET=utf8mb4 COLLATE=utf8mb4_0900_ai_ci;

-- Copiando dados para a tabela gop.servico_instalacao: ~0 rows (aproximadamente)

-- Copiando estrutura para tabela gop.setores
CREATE TABLE IF NOT EXISTS `setores` (
  `id` int NOT NULL AUTO_INCREMENT,
  `descricao` varchar(120) NOT NULL,
  `id_centrodecusto` int NOT NULL,
  `Responsavel` varchar(120) NOT NULL DEFAULT '',
  `fone1` varchar(20) DEFAULT '',
  `fone2` varchar(20) DEFAULT '',
  `email` varchar(120) DEFAULT '',
  `prioritario` char(3) DEFAULT NULL,
  `nivelprioridade` char(2) DEFAULT NULL,
  PRIMARY KEY (`id`),
<<<<<<< HEAD
  KEY `FK_setores_centrodecusto` (`id_centrodecusto`),
  CONSTRAINT `FK_setores_centrodecusto` FOREIGN KEY (`id_centrodecusto`) REFERENCES `centrodecusto` (`id`)
=======
  KEY `FK_procedimentos_tabelas_tabela` (`id_tabela`),
  KEY `FK_procedimentos_tabelas_procedimentos` (`id_procedimento`),
  CONSTRAINT `FK_procedimentos_tabelas_procedimentos` FOREIGN KEY (`id_procedimento`) REFERENCES `procedimentos` (`id`),
  CONSTRAINT `FK_procedimentos_tabelas_tabela` FOREIGN KEY (`id_tabela`) REFERENCES `tabela` (`id`)
) ENGINE=InnoDB AUTO_INCREMENT=9 DEFAULT CHARSET=utf8mb4 COLLATE=utf8mb4_0900_ai_ci;

-- Copiando dados para a tabela smed.procedimentos_tabelas: ~4 rows (aproximadamente)
INSERT INTO `procedimentos_tabelas` (`id`, `id_procedimento`, `id_tabela`, `custo`, `valorreal`) VALUES
	(2, 12, 1, 20, 20),
	(4, 12, 2, 300, 1650),
	(6, 13, 1, 40, 40),
	(8, 13, 2, 63, 346.5);

-- Copiando estrutura para tabela smed.profissionais
CREATE TABLE IF NOT EXISTS `profissionais` (
  `id` int NOT NULL AUTO_INCREMENT,
  `id_especialidade` int NOT NULL,
  `nome` varchar(150) CHARACTER SET utf8mb4 COLLATE utf8mb4_0900_ai_ci NOT NULL,
  `endereco` varchar(150) CHARACTER SET utf8mb4 COLLATE utf8mb4_0900_ai_ci DEFAULT NULL,
  `bairro` varchar(150) CHARACTER SET utf8mb4 COLLATE utf8mb4_0900_ai_ci DEFAULT NULL,
  `cidade` varchar(150) CHARACTER SET utf8mb4 COLLATE utf8mb4_0900_ai_ci DEFAULT NULL,
  `cep` varchar(11) CHARACTER SET utf8mb4 COLLATE utf8mb4_0900_ai_ci DEFAULT NULL,
  `uf` char(2) CHARACTER SET utf8mb4 COLLATE utf8mb4_0900_ai_ci DEFAULT NULL,
  `fone1` varchar(20) CHARACTER SET utf8mb4 COLLATE utf8mb4_0900_ai_ci NOT NULL,
  `fone2` varchar(20) CHARACTER SET utf8mb4 COLLATE utf8mb4_0900_ai_ci DEFAULT NULL,
  `email` varchar(200) DEFAULT NULL,
  `url` varchar(200) CHARACTER SET utf8mb4 COLLATE utf8mb4_0900_ai_ci DEFAULT NULL,
  `identidade` varchar(20) DEFAULT NULL,
  `cpf` varchar(11) CHARACTER SET utf8mb4 COLLATE utf8mb4_0900_ai_ci NOT NULL,
  `datanasc` date DEFAULT NULL,
  `sexo` char(1) CHARACTER SET utf8mb4 COLLATE utf8mb4_0900_ai_ci DEFAULT NULL,
  `gera_agenda` char(1) CHARACTER SET utf8mb4 COLLATE utf8mb4_0900_ai_ci NOT NULL,
  `observacao` blob,
  `crm` varchar(13) DEFAULT NULL,
  PRIMARY KEY (`id`),
  KEY `FK_profissionais_especialidades` (`id_especialidade`),
  CONSTRAINT `FK_profissionais_especialidades` FOREIGN KEY (`id_especialidade`) REFERENCES `especialidades` (`id`)
) ENGINE=InnoDB AUTO_INCREMENT=5 DEFAULT CHARSET=utf8mb4 COLLATE=utf8mb4_0900_ai_ci;

-- Copiando dados para a tabela smed.profissionais: ~3 rows (aproximadamente)
INSERT INTO `profissionais` (`id`, `id_especialidade`, `nome`, `endereco`, `bairro`, `cidade`, `cep`, `uf`, `fone1`, `fone2`, `email`, `url`, `identidade`, `cpf`, `datanasc`, `sexo`, `gera_agenda`, `observacao`, `crm`) VALUES
	(1, 2, 'Dr. Arthur Queiroz', '', '', '', '', 'MG', '(48) 2759-4679', '(31) 2121-2223', 'suporte@sabara.mg.gov.br', NULL, '4565465', '69551022653', '2009-07-13', 'M', 'S', _binary 0x7465737465206465206f627365727661c3a7c3a36f, '565465'),
	(2, 1, 'Dra. Maria de Souza Cruz', 'Beco da Chica,100', 'Campeche', 'Belo Horizonte', '3450480', 'MG', '(31) 589-6369', '(31) 6995-5555', 'dasilva@gmail.com', NULL, '', '07415768051', '1997-11-04', 'M', 'S', _binary '', 'crm/mg 456456'),
	(4, 4, 'Dr. Abcedario', '', '', '', '', 'MG', '(48) 2759-4679', '', 'suporte@sabara.mg.gov.br', NULL, '', '02908681064', '1970-10-26', 'M', 'S', _binary '', '');

-- Copiando estrutura para tabela smed.tabela
CREATE TABLE IF NOT EXISTS `tabela` (
  `id` int NOT NULL AUTO_INCREMENT,
  `id_indice` int DEFAULT NULL,
  `descricao` varchar(150) DEFAULT NULL,
  PRIMARY KEY (`id`),
  KEY `FK_tabela_indices` (`id_indice`),
  CONSTRAINT `FK_tabela_indices` FOREIGN KEY (`id_indice`) REFERENCES `indices` (`id`)
>>>>>>> 25f0990995b67c1159aa121082e9b79f2095f5f0
) ENGINE=InnoDB AUTO_INCREMENT=4 DEFAULT CHARSET=utf8mb4 COLLATE=utf8mb4_0900_ai_ci;

-- Copiando dados para a tabela gop.setores: ~0 rows (aproximadamente)
INSERT INTO `setores` (`id`, `descricao`, `id_centrodecusto`, `Responsavel`, `fone1`, `fone2`, `email`, `prioritario`, `nivelprioridade`) VALUES
	(1, 'Meio Ambiente', 1, 'Prefeitura', '(31)3672-9844', '(42)3423-4234', '', 'NÃO', '4'),
	(3, 'Secretaria de Saúde', 2, 'Patricia', '(31) 3-3333', '', 'glaison26.queiroz@gmail.com', 'SIM', '1');

-- Copiando estrutura para tabela gop.solicitacao
CREATE TABLE IF NOT EXISTS `solicitacao` (
  `id` int NOT NULL AUTO_INCREMENT,
  `id_setor` int DEFAULT NULL,
  `id_solicitante` int NOT NULL,
  `id_recursos` int DEFAULT NULL,
  `id_espaco` int DEFAULT NULL,
  `data_abertura` date NOT NULL,
  `hora_abertura` time NOT NULL,
  `status` char(1) CHARACTER SET utf8mb4 COLLATE utf8mb4_0900_ai_ci NOT NULL,
  `tipo` char(1) CHARACTER SET utf8mb4 COLLATE utf8mb4_0900_ai_ci NOT NULL,
  `descricao` blob NOT NULL,
  `classificacao` char(1) CHARACTER SET utf8mb4 COLLATE utf8mb4_0900_ai_ci NOT NULL,
  PRIMARY KEY (`id`),
  KEY `FK_solicitacao_setores` (`id_setor`),
  KEY `FK_solicitacao_usuarios` (`id_solicitante`),
  KEY `FK_solicitacao_recursos` (`id_recursos`),
  KEY `FK_solicitacao_espacos` (`id_espaco`),
  CONSTRAINT `FK_solicitacao_espacos` FOREIGN KEY (`id_espaco`) REFERENCES `espacos` (`id`),
  CONSTRAINT `FK_solicitacao_recursos` FOREIGN KEY (`id_recursos`) REFERENCES `recursos` (`id`),
  CONSTRAINT `FK_solicitacao_setores` FOREIGN KEY (`id_setor`) REFERENCES `setores` (`id`),
  CONSTRAINT `FK_solicitacao_usuarios` FOREIGN KEY (`id_solicitante`) REFERENCES `usuarios` (`id`)
) ENGINE=InnoDB AUTO_INCREMENT=9 DEFAULT CHARSET=utf8mb4 COLLATE=utf8mb4_0900_ai_ci;

-- Copiando dados para a tabela gop.solicitacao: ~0 rows (aproximadamente)
INSERT INTO `solicitacao` (`id`, `id_setor`, `id_solicitante`, `id_recursos`, `id_espaco`, `data_abertura`, `hora_abertura`, `status`, `tipo`, `descricao`, `classificacao`) VALUES
	(4, 1, 16, 2, NULL, '2024-09-06', '17:26:00', 'A', 'P', _binary 0x637364736466736461667364667364766664, 'R'),
	(5, 1, 16, 3, NULL, '2024-09-06', '18:13:00', 'A', 'P', _binary 0x4573746162696c697a61646f204465736c6967616e646f20736f7a696e686f, 'R'),
	(6, 1, 16, 3, NULL, '2024-09-06', '18:21:00', 'A', 'P', _binary 0x7465737465, 'R'),
	(7, 1, 16, 3, NULL, '2024-09-06', '18:22:00', 'A', 'P', _binary 0x4573746162696c697a61646f7220517565696d61646f, 'R'),
	(8, 3, 16, 3, NULL, '2024-09-06', '18:27:00', 'A', 'P', _binary 0x5375706572206171756563696d656e746f2065206465736c6967616e646f, 'R');

-- Copiando estrutura para tabela gop.unidades
CREATE TABLE IF NOT EXISTS `unidades` (
  `id` int NOT NULL AUTO_INCREMENT,
  `descricao` varchar(120) NOT NULL DEFAULT '0',
  `abreviatura` varchar(6) NOT NULL DEFAULT '0',
  PRIMARY KEY (`id`)
) ENGINE=InnoDB AUTO_INCREMENT=10 DEFAULT CHARSET=utf8mb4 COLLATE=utf8mb4_0900_ai_ci;

-- Copiando dados para a tabela gop.unidades: ~6 rows (aproximadamente)
INSERT INTO `unidades` (`id`, `descricao`, `abreviatura`) VALUES
	(1, 'Metro Quadrado', 'M2'),
	(2, 'Centímetro', 'cm'),
	(3, 'Kilo', 'KG'),
	(4, 'Hora', 'H'),
	(5, 'Litro', 'LT'),
	(8, 'Unidade', 'UN'),
	(9, 'Metro Cúbico', 'M3');

-- Copiando estrutura para tabela gop.usuarios
CREATE TABLE IF NOT EXISTS `usuarios` (
  `id` int NOT NULL AUTO_INCREMENT,
  `nome` char(120) DEFAULT NULL,
  `login` char(40) DEFAULT NULL,
  `senha` char(32) DEFAULT NULL,
  `ativo` char(1) DEFAULT NULL,
  `cpf` char(14) DEFAULT NULL,
  `tipo` char(15) DEFAULT NULL,
  PRIMARY KEY (`id`)
) ENGINE=InnoDB AUTO_INCREMENT=21 DEFAULT CHARSET=utf8mb4 COLLATE=utf8mb4_0900_ai_ci;

-- Copiando dados para a tabela gop.usuarios: ~3 rows (aproximadamente)
INSERT INTO `usuarios` (`id`, `nome`, `login`, `senha`, `ativo`, `cpf`, `tipo`) VALUES
	(16, 'Glaison Queiroz', 'Glaison', 'dGFpb2JhMjYxMA==', 'S', '695.510.226-53', 'Administrador'),
	(17, 'Manoel da Silva Braga', 'ManuelBraga', 'MTIzNDU2ZmRnZGZnc2Y=', 'N', '695.510.226-53', 'Administrador'),
	(19, 'Itamar Franco', 'Franco', 'OTk5OTk5OTk5', 'S', '695.510.226-53', 'Administrador');

/*!40103 SET TIME_ZONE=IFNULL(@OLD_TIME_ZONE, 'system') */;
/*!40101 SET SQL_MODE=IFNULL(@OLD_SQL_MODE, '') */;
/*!40014 SET FOREIGN_KEY_CHECKS=IFNULL(@OLD_FOREIGN_KEY_CHECKS, 1) */;
/*!40101 SET CHARACTER_SET_CLIENT=@OLD_CHARACTER_SET_CLIENT */;
/*!40111 SET SQL_NOTES=IFNULL(@OLD_SQL_NOTES, 1) */;
